City,Date,Temperature (Â°C),Weather Description,Humidity (%),Wind Speed (m/s)
Islamabad,2021-12-25,25.9,-0.8691458680431858,1.179559503019817,-1.0100840295315416
Quetta,2022-12-05,33.6,0.30537557525841663,-1.1429795135094802,0.982282501160732
Peshawar,2020-12-23,10.5,-0.8691458680431858,-0.023183916254283416,1.119687089484337
Islamabad,2024-02-26,30.6,1.479897018560019,-1.2259273355283837,-0.8497786764873355
Karachi,2024-07-29,28.8,-0.2818851463923846,0.059763905764620054,-0.7123740881637304
Karachi,2024-10-30,24.6,0.8926362969092179,1.5113507910954307,-1.0100840295315416
Lahore,2021-05-02,19.2,1.479897018560019,0.30860737182133047,-1.23909167673755
Islamabad,2024-08-22,35.8,-1.456406589693987,1.5942986131143342,1.7151069722199592
Lahore,2024-05-20,27.7,-0.2818851463923846,-0.8526621364433181,-0.918480970649138
Quetta,2024-05-26,36.8,-1.456406589693987,1.0551377699914617,-1.2848932061787515
Quetta,2021-07-19,25.0,0.8926362969092179,0.5159769268685891,0.8677786775577278
Peshawar,2023-07-11,10.8,1.479897018560019,0.22565954980242697,-0.9413817353697388
Lahore,2024-04-18,37.4,0.8926362969092179,-0.1476056492826386,-1.4910000886641592
Lahore,2020-06-23,34.7,0.8926362969092179,1.3454551470576237,-1.0100840295315416
Peshawar,2023-02-20,38.2,0.8926362969092179,1.3454551470576237,-1.6284046769877643
Quetta,2023-07-29,21.0,0.8926362969092179,-0.35497520432989726,-1.674206206428966
Peshawar,2024-04-21,18.4,0.8926362969092179,0.22565954980242697,1.577702383896354
Islamabad,2020-02-27,21.3,-0.8691458680431858,-1.474770801585094,0.08915267705729919
Karachi,2021-06-19,23.3,-0.2818851463923846,1.3454551470576237,1.486099325013951
Lahore,2024-08-13,39.6,0.30537557525841663,1.0966116810009134,-1.4451985592229575
Karachi,2022-04-29,29.2,-0.8691458680431858,1.4284029690765272,-1.4222977945023565
Quetta,2021-01-07,12.4,-1.456406589693987,1.01366385898201,-1.23909167673755
Peshawar,2023-07-15,25.4,1.479897018560019,-0.2720273823109938,-0.5520687351195245
Quetta,2021-07-13,15.8,-1.456406589693987,1.01366385898201,0.9135802069989297
Quetta,2024-05-14,29.3,0.30537557525841663,-1.640666445622901,0.4784656773075136
Quetta,2022-05-17,22.6,-1.456406589693987,-0.47939693735825245,0.9364809717195305
Lahore,2023-05-16,36.9,0.30537557525841663,-1.184453424518932,0.04335114761609746
Islamabad,2022-12-18,26.1,1.479897018560019,-0.23055347130154208,-0.8039771470461339
Lahore,2024-08-20,37.8,0.8926362969092179,0.35008128283078216,1.3944962661315474
Karachi,2024-11-20,39.3,-0.2818851463923846,-1.3088751575472872,1.4173970308521482
Karachi,2021-08-15,26.4,-1.456406589693987,-0.06465782726373515,-0.5978702645607261
Karachi,2024-07-12,25.1,0.8926362969092179,-0.023183916254283416,-1.4222977945023565
Karachi,2024-04-04,24.8,-1.456406589693987,1.3454551470576237,-0.6665725587225286
Karachi,2021-05-06,13.4,-1.456406589693987,-0.9356099584622215,-1.0558855589727432
Lahore,2020-06-16,31.4,-0.8691458680431858,0.7233464819158478,0.7990763833959255
Peshawar,2021-12-08,30.7,0.30537557525841663,0.2671334608118787,-0.23145802903111273
Islamabad,2021-07-09,24.3,0.8926362969092179,-1.1429795135094802,-1.6284046769877643
Karachi,2021-01-26,31.3,0.30537557525841663,1.5528247021048824,1.3715955014109467
Karachi,2023-05-03,12.3,1.479897018560019,-0.7697143144244146,-1.0558855589727432
Karachi,2022-11-06,18.5,-0.8691458680431858,1.4284029690765272,0.7761756186753244
Islamabad,2024-06-04,27.9,0.8926362969092179,-1.2674012465378355,0.8677786775577278
Islamabad,2020-04-12,20.9,0.30537557525841663,1.0551377699914617,-0.16275573486931022
Peshawar,2021-08-31,27.6,-0.2818851463923846,0.8062943039347512,-0.048251911266306007
Lahore,2021-08-10,26.8,0.30537557525841663,-0.023183916254283416,-1.4222977945023565
Karachi,2020-03-17,37.7,0.8926362969092179,1.303981236048172,1.7151069722199592
Lahore,2020-08-16,10.4,-1.456406589693987,-0.2720273823109938,1.165488618925539
Quetta,2022-03-17,28.0,1.479897018560019,1.179559503019817,-1.5826031475465625
Islamabad,2024-04-25,30.1,0.30537557525841663,0.1427117277835235,0.982282501160732
Islamabad,2022-07-05,29.5,-0.2818851463923846,1.0551377699914617,-0.32306108791351595
Peshawar,2020-07-31,15.6,0.8926362969092179,0.7233464819158478,-1.2848932061787515
Islamabad,2024-01-23,11.2,-1.456406589693987,-1.474770801585094,-1.1245878531345457
Karachi,2021-09-20,34.7,-0.2818851463923846,0.9307160369631065,0.29525955954270666
Islamabad,2023-11-04,11.8,1.479897018560019,0.7648203929252995,0.36396185370450934
Peshawar,2020-01-29,32.5,-0.8691458680431858,0.2671334608118787,0.3410610889839086
Karachi,2021-10-11,25.7,1.479897018560019,1.0966116810009134,0.18075573593970246
Quetta,2022-06-03,32.2,0.30537557525841663,0.22565954980242697,-0.20855726431051175
Islamabad,2022-10-08,38.3,-0.2818851463923846,-0.023183916254283416,1.5090000897345517
Karachi,2020-06-24,29.6,0.30537557525841663,-0.43792302634880076,-0.8497786764873355
Peshawar,2023-08-27,24.3,0.8926362969092179,-0.8111882254338664,0.1578549712191017
Karachi,2021-12-25,27.7,-1.456406589693987,-0.47939693735825245,1.692206207499358
Peshawar,2024-09-14,23.8,-0.8691458680431858,0.10123781677407179,-1.4680993239435582
Islamabad,2022-11-16,38.1,-0.8691458680431858,0.3915551938402339,0.570068736189917
Quetta,2021-08-09,12.7,-0.8691458680431858,-1.4332968905756422,-0.781076382325533
Peshawar,2023-02-14,17.1,-0.2818851463923846,-0.9356099584622215,-0.16275573486931022
Lahore,2023-02-07,24.8,-1.456406589693987,-1.350349068556739,-1.51390085338476
Karachi,2020-10-09,19.0,-0.2818851463923846,0.9307160369631065,-1.5826031475465625
Islamabad,2020-07-02,17.1,-0.8691458680431858,1.179559503019817,-1.1016870884139447
Lahore,2024-04-17,27.5,-0.8691458680431858,0.7648203929252995,-0.46046567623712115
Islamabad,2020-04-27,28.7,-1.456406589693987,1.179559503019817,0.9364809717195305
Quetta,2020-08-10,20.4,-1.456406589693987,1.5528247021048824,0.8677786775577278
Peshawar,2020-05-29,34.6,0.30537557525841663,0.4745030158591374,1.5090000897345517
Islamabad,2024-04-13,38.4,0.30537557525841663,0.6403986598969443,-0.34596185263411694
Lahore,2024-05-26,24.6,-0.2818851463923846,-0.8941360474527698,0.29525955954270666
Peshawar,2024-07-27,23.5,1.479897018560019,-1.6821403566323527,-0.6207710292813271
Quetta,2020-04-26,31.7,0.30537557525841663,-0.8526621364433181,0.570068736189917
Quetta,2022-11-26,35.4,0.8926362969092179,-1.350349068556739,0.13495420649850093
Islamabad,2023-03-24,18.9,1.479897018560019,1.3454551470576237,0.9364809717195305
Lahore,2020-10-24,30.7,-0.8691458680431858,-1.3918229795661905,-0.8039771470461339
Lahore,2021-08-02,29.6,-0.2818851463923846,-0.23055347130154208,-0.6894733234431296
Islamabad,2022-06-09,35.2,-0.8691458680431858,-1.6821403566323527,-0.9871832648109405
Karachi,2024-04-04,36.3,1.479897018560019,-0.47939693735825245,0.9593817364401312
Islamabad,2022-07-10,39.3,-0.8691458680431858,-1.4332968905756422,1.5319008544551524
Karachi,2023-10-03,17.1,0.8926362969092179,1.5942986131143342,-0.6665725587225286
Lahore,2023-12-08,10.9,1.479897018560019,-1.1015056025000285,0.24945803010150513
Quetta,2024-04-04,32.1,-1.456406589693987,1.4284029690765272,1.7151069722199592
Quetta,2024-11-11,38.3,-0.2818851463923846,1.0551377699914617,0.8219771481165262
Quetta,2020-06-22,21.6,-0.2818851463923846,-1.2674012465378355,0.8677786775577278
Quetta,2020-01-19,15.4,0.8926362969092179,-1.7236142676418045,1.6235039133375557
Karachi,2022-01-02,14.3,-0.2818851463923846,0.7648203929252995,-0.20855726431051175
Quetta,2024-04-29,38.4,-0.8691458680431858,-0.9770838694716732,-1.2848932061787515
Quetta,2024-09-07,36.2,0.8926362969092179,-0.023183916254283416,1.2570916778079424
Peshawar,2021-07-10,14.4,1.479897018560019,-1.0600316914905767,1.0051832658813327
Quetta,2023-12-07,34.6,0.8926362969092179,-0.8111882254338664,0.982282501160732
Islamabad,2024-01-14,30.6,0.30537557525841663,-1.640666445622901,-0.5978702645607261
Peshawar,2020-08-22,19.8,0.8926362969092179,1.3454551470576237,-0.918480970649138
Lahore,2024-04-06,21.5,-0.8691458680431858,-1.1015056025000285,-0.18565649958991098
Peshawar,2024-08-04,24.5,-1.456406589693987,1.469876880085979,1.3486947366903455
Karachi,2022-01-13,14.6,-1.456406589693987,-1.5577186236039975,-0.9871832648109405
Lahore,2021-01-14,10.9,-1.456406589693987,-1.350349068556739,0.8906794422783285
Quetta,2023-06-10,32.6,-0.8691458680431858,1.2625073250387202,1.6464046780581565
Peshawar,2020-02-08,32.4,-1.456406589693987,-0.18907956029209036,-1.5826031475465625
Quetta,2020-06-06,13.9,-0.2818851463923846,1.5113507910954307,1.3257939719697447
Quetta,2024-04-19,19.7,-0.8691458680431858,-0.23055347130154208,-1.5826031475465625
Quetta,2022-03-24,28.7,-0.8691458680431858,1.5528247021048824,-1.2848932061787515
Lahore,2024-01-19,11.7,-0.2818851463923846,-0.6038186703866076,-0.13985497014870926
Quetta,2023-10-21,38.4,0.30537557525841663,-1.3918229795661905,-0.506267205678323
Peshawar,2023-07-25,28.4,-0.8691458680431858,-0.23055347130154208,1.0509847953225346
Karachi,2021-08-18,23.2,-0.8691458680431858,-0.023183916254283416,0.2723587948221059
Karachi,2024-04-11,37.4,1.479897018560019,0.4745030158591374,-0.1169542054281085
Islamabad,2024-03-05,14.7,0.30537557525841663,-1.5162447125945457,-1.216190912016949
Peshawar,2022-03-07,13.1,-1.456406589693987,0.2671334608118787,-0.8497786764873355
Lahore,2022-04-01,31.7,0.8926362969092179,1.1380855920103652,-1.51390085338476
Lahore,2020-03-10,31.5,1.479897018560019,0.9307160369631065,-1.23909167673755
Quetta,2022-03-27,23.5,-1.456406589693987,-0.43792302634880076,-0.8268779117667346
Peshawar,2021-09-03,28.1,0.8926362969092179,1.1380855920103652,-1.1703893825757472
Karachi,2020-01-21,34.1,-0.8691458680431858,0.847768214944203,0.6387710303517193
Karachi,2021-07-21,12.1,1.479897018560019,-0.023183916254283416,1.440297795572749
Islamabad,2023-08-14,12.9,-0.8691458680431858,-1.4332968905756422,-0.5520687351195245
Peshawar,2022-08-31,34.1,-0.8691458680431858,0.5989247488874926,-0.32306108791351595
Islamabad,2022-07-09,25.0,0.30537557525841663,0.5159769268685891,0.5242672067487151
Karachi,2020-06-09,19.1,1.479897018560019,-0.9770838694716732,1.0280840306019339
Karachi,2020-09-17,25.8,-0.2818851463923846,1.2625073250387202,0.6616717950723201
Lahore,2021-05-05,16.8,-1.456406589693987,0.9307160369631065,1.440297795572749
Quetta,2024-12-07,22.3,-1.456406589693987,-0.6038186703866076,-0.8726794412079364
Lahore,2021-11-12,39.1,0.30537557525841663,-0.7282404034149629,0.7074733245135221
Peshawar,2021-08-14,13.7,-0.8691458680431858,0.9721899479725582,-0.5978702645607261
Peshawar,2024-08-14,39.7,-0.8691458680431858,-0.023183916254283416,-1.4910000886641592
Lahore,2022-02-25,14.1,-0.8691458680431858,0.8062943039347512,-0.20855726431051175
Islamabad,2020-08-27,26.8,-1.456406589693987,-0.18907956029209036,-0.3001603231929152
Islamabad,2024-07-26,38.5,1.479897018560019,0.9721899479725582,-0.1169542054281085
Lahore,2021-01-31,38.6,0.30537557525841663,1.2625073250387202,-1.4680993239435582
Lahore,2021-11-25,31.4,-0.8691458680431858,-0.18907956029209036,-0.3688626173547177
Peshawar,2022-05-14,16.7,1.479897018560019,0.6403986598969443,-1.6055039122671635
Quetta,2020-08-24,38.3,0.30537557525841663,0.6403986598969443,0.06625191233669822
Karachi,2021-08-27,16.3,0.30537557525841663,1.3869290580670754,-1.1703893825757472
Lahore,2020-01-27,27.3,-0.2818851463923846,0.3915551938402339,0.020450382895496694
Islamabad,2023-11-20,34.0,0.30537557525841663,1.4284029690765272,1.440297795572749
Quetta,2023-05-12,32.9,-1.456406589693987,-1.2259273355283837,0.13495420649850093
Peshawar,2023-09-22,33.0,1.479897018560019,-0.6038186703866076,0.24945803010150513
Lahore,2020-10-05,18.5,1.479897018560019,0.7233464819158478,1.3944962661315474
Peshawar,2023-09-24,14.1,0.30537557525841663,0.1427117277835235,1.0967863247637362
Islamabad,2021-08-08,16.5,-0.2818851463923846,-0.8941360474527698,-0.34596185263411694
Karachi,2023-03-12,29.4,0.8926362969092179,0.8892421259536547,-1.3993970297817557
Lahore,2020-12-04,19.4,-1.456406589693987,-1.640666445622901,-1.4910000886641592
Quetta,2021-08-09,18.7,-0.2818851463923846,-1.5991925346134492,1.7609085016611608
Peshawar,2020-02-17,39.9,1.479897018560019,0.30860737182133047,-0.506267205678323
Lahore,2023-07-05,10.9,-0.2818851463923846,-0.1476056492826386,-0.5749694998401254
Quetta,2023-10-18,31.9,0.30537557525841663,1.2625073250387202,-0.7581756176049321
Quetta,2020-01-30,32.3,1.479897018560019,-0.396449115339349,-0.025351146545705038
Islamabad,2021-05-24,18.5,-0.2818851463923846,0.9307160369631065,-1.51390085338476
Peshawar,2024-08-14,36.4,0.8926362969092179,-0.6867664924055111,0.9135802069989297
Lahore,2023-02-16,32.4,0.30537557525841663,-1.6821403566323527,-0.6894733234431296
Quetta,2022-03-26,11.0,-1.456406589693987,-0.5208708483677043,-0.506267205678323
Peshawar,2022-08-03,15.6,-0.8691458680431858,-0.396449115339349,-0.918480970649138
Peshawar,2020-12-30,13.0,0.8926362969092179,1.1380855920103652,-1.3306947356199532
Lahore,2021-11-02,23.7,-0.8691458680431858,-0.35497520432989726,-0.8268779117667346
Quetta,2020-03-17,23.2,0.30537557525841663,1.01366385898201,-1.4680993239435582
Lahore,2021-07-17,19.2,1.479897018560019,-0.9356099584622215,-0.048251911266306007
Karachi,2022-07-28,31.0,-1.456406589693987,-1.5162447125945457,-1.4680993239435582
Islamabad,2021-09-21,27.8,1.479897018560019,1.179559503019817,1.0280840306019339
Peshawar,2020-06-01,17.2,1.479897018560019,-1.3918229795661905,-0.18565649958991098
Karachi,2020-08-05,11.4,1.479897018560019,-1.3088751575472872,-1.2619924414581507
Lahore,2024-07-29,20.7,1.479897018560019,-0.06465782726373515,0.8906794422783285
Quetta,2024-05-20,39.8,-0.8691458680431858,1.5113507910954307,-0.32306108791351595
Islamabad,2020-11-13,24.7,-0.2818851463923846,1.179559503019817,0.3410610889839086
Peshawar,2022-12-06,24.5,0.8926362969092179,-1.2674012465378355,0.5013664420281143
Peshawar,2020-06-15,25.4,0.8926362969092179,0.35008128283078216,0.45556491258691284
Quetta,2021-06-01,33.4,-0.8691458680431858,1.5528247021048824,0.18075573593970246
Quetta,2022-04-14,23.5,0.8926362969092179,-0.06465782726373515,-0.918480970649138
Peshawar,2021-07-11,11.0,-1.456406589693987,1.5113507910954307,-0.16275573486931022
Lahore,2024-12-22,36.5,0.30537557525841663,-0.5208708483677043,1.3257939719697447
Karachi,2024-05-10,38.1,1.479897018560019,1.5528247021048824,-0.2543587937517135
Quetta,2023-11-26,35.8,-0.8691458680431858,0.8892421259536547,-0.46046567623712115
Peshawar,2020-08-25,36.7,1.479897018560019,0.8892421259536547,-0.9642825000903396
Lahore,2022-06-07,23.8,0.30537557525841663,1.2210334140292685,0.570068736189917
Islamabad,2024-06-10,19.4,-0.2818851463923846,1.2210334140292685,-0.4833664409577219
Quetta,2024-02-24,16.2,1.479897018560019,0.1427117277835235,1.5090000897345517
Islamabad,2022-10-05,26.1,0.8926362969092179,1.0551377699914617,-0.9871832648109405
Islamabad,2023-04-25,23.2,-0.2818851463923846,1.5942986131143342,0.40976338314571087
Lahore,2021-07-20,35.9,0.8926362969092179,0.8062943039347512,-0.20855726431051175
Karachi,2024-09-22,20.6,1.479897018560019,-1.1015056025000285,-1.4910000886641592
Islamabad,2023-09-08,10.6,-0.2818851463923846,-0.7697143144244146,0.6616717950723201
Quetta,2024-09-16,15.2,-0.8691458680431858,1.0551377699914617,-0.32306108791351595
Peshawar,2022-01-17,21.6,-0.8691458680431858,-1.1429795135094802,1.0509847953225346
Karachi,2023-05-12,20.1,0.8926362969092179,0.3915551938402339,-1.078786323693344
Islamabad,2024-06-18,27.3,0.30537557525841663,-0.6867664924055111,1.440297795572749
Lahore,2021-06-10,20.1,0.30537557525841663,1.1380855920103652,-1.6284046769877643
Lahore,2022-02-11,14.7,-0.2818851463923846,-1.350349068556739,1.577702383896354
Peshawar,2020-02-28,39.9,0.30537557525841663,-0.396449115339349,-1.4451985592229575
Islamabad,2022-02-09,30.7,0.30537557525841663,0.3915551938402339,0.3868626184251101
Peshawar,2023-06-20,30.1,-0.8691458680431858,1.3454551470576237,1.2799924425285432
Peshawar,2022-11-08,25.3,1.479897018560019,1.3869290580670754,-0.1169542054281085
Lahore,2024-11-21,29.0,-0.2818851463923846,0.059763905764620054,0.9135802069989297
Quetta,2022-07-21,11.2,-0.8691458680431858,-1.350349068556739,0.7303740892341228
Quetta,2020-12-20,29.2,-0.2818851463923846,-1.5577186236039975,-0.16275573486931022
Lahore,2021-02-26,27.0,0.8926362969092179,-0.5623447593771559,-0.09405344070750753
Karachi,2023-08-07,21.2,-0.2818851463923846,-0.8941360474527698,-0.8955802059285372
Lahore,2021-07-10,15.6,0.30537557525841663,-0.023183916254283416,0.5013664420281143
Islamabad,2021-08-07,25.1,-0.8691458680431858,-0.10613173827318688,-1.2848932061787515
Lahore,2020-06-08,16.2,0.30537557525841663,-1.3088751575472872,-1.3306947356199532
Lahore,2021-01-24,14.7,-1.456406589693987,-0.023183916254283416,-0.048251911266306007
Lahore,2022-01-30,21.7,-1.456406589693987,-0.06465782726373515,-0.7581756176049321
Quetta,2022-10-13,22.8,0.8926362969092179,-1.3088751575472872,-0.3001603231929152
Islamabad,2022-11-18,25.1,-1.456406589693987,0.9721899479725582,1.1883893836461397
Lahore,2024-07-17,17.0,0.30537557525841663,-0.10613173827318688,-1.078786323693344
Islamabad,2024-03-10,17.0,0.8926362969092179,0.2671334608118787,-1.4680993239435582
Peshawar,2020-04-09,16.1,-0.8691458680431858,-1.6821403566323527,-0.6665725587225286
Islamabad,2023-12-14,29.5,-0.8691458680431858,-0.8111882254338664,1.0509847953225346
Lahore,2020-10-17,36.1,0.8926362969092179,-1.6821403566323527,1.0509847953225346
Lahore,2024-07-14,10.0,1.479897018560019,-1.3918229795661905,1.119687089484337
Lahore,2020-09-27,22.6,0.30537557525841663,-1.184453424518932,-1.1474886178551464
Lahore,2020-07-12,29.6,0.8926362969092179,0.43302910484968565,-1.6055039122671635
Karachi,2020-02-15,16.9,-1.456406589693987,1.2210334140292685,0.08915267705729919
Lahore,2024-04-16,18.8,0.30537557525841663,0.7233464819158478,-1.193290147296348
Quetta,2020-10-13,24.2,0.8926362969092179,-0.6452925813960594,-1.4222977945023565
Peshawar,2021-09-09,18.1,-0.2818851463923846,1.5942986131143342,-0.4833664409577219
Peshawar,2024-01-03,33.3,-0.8691458680431858,-0.396449115339349,-1.2619924414581507
Peshawar,2020-09-25,29.5,-1.456406589693987,-0.5623447593771559,0.11205344177789996
Lahore,2021-05-30,35.1,0.30537557525841663,-1.3918229795661905,-1.1703893825757472
Lahore,2021-08-11,31.4,-1.456406589693987,0.847768214944203,-1.51390085338476
Lahore,2023-07-29,23.4,-0.8691458680431858,-0.7282404034149629,1.1425878542049381
Quetta,2024-12-26,26.7,1.479897018560019,1.2210334140292685,1.2570916778079424
Lahore,2023-12-05,24.0,1.479897018560019,0.5989247488874926,0.36396185370450934
Karachi,2023-05-08,39.7,1.479897018560019,0.2671334608118787,-0.46046567623712115
Quetta,2023-08-24,12.8,0.30537557525841663,1.5528247021048824,0.9135802069989297
Lahore,2023-02-06,14.9,1.479897018560019,-0.396449115339349,1.2341909130873412
Peshawar,2021-02-22,23.7,-1.456406589693987,1.0551377699914617,-0.07115267598690676
Lahore,2024-10-26,25.1,-0.8691458680431858,0.8062943039347512,1.6693054427787573
Peshawar,2020-12-18,36.3,-0.2818851463923846,0.8892421259536547,1.6693054427787573
Islamabad,2021-01-22,24.3,0.30537557525841663,-0.9356099584622215,0.7990763833959255
Islamabad,2023-01-03,15.2,0.8926362969092179,-0.396449115339349,0.8906794422783285
Quetta,2022-01-25,13.0,0.8926362969092179,1.0966116810009134,0.43266414786631163
Quetta,2021-10-16,37.7,-0.2818851463923846,-1.5162447125945457,0.43266414786631163
Karachi,2022-12-07,34.0,0.30537557525841663,0.9721899479725582,-1.5826031475465625
Karachi,2024-06-08,33.9,0.8926362969092179,0.018289994755168317,1.2570916778079424
Lahore,2023-03-10,24.4,-0.2818851463923846,-1.3918229795661905,1.0509847953225346
Islamabad,2024-12-16,38.3,-0.2818851463923846,-0.3135012933204455,0.22655726538090437
Quetta,2024-02-04,20.4,-1.456406589693987,1.0551377699914617,-0.09405344070750753
Quetta,2020-07-24,11.4,0.30537557525841663,-0.7697143144244146,1.486099325013951
Quetta,2024-07-05,16.0,0.30537557525841663,0.059763905764620054,-1.4910000886641592
Karachi,2022-09-11,10.8,-0.2818851463923846,-1.4332968905756422,-1.2848932061787515
Karachi,2022-09-19,13.4,-0.2818851463923846,1.5942986131143342,-1.4222977945023565
Lahore,2020-06-29,37.9,1.479897018560019,0.059763905764620054,-0.8268779117667346
Peshawar,2022-02-16,27.7,-0.8691458680431858,1.5942986131143342,-1.6513054417083652
Peshawar,2020-03-08,16.6,0.30537557525841663,-0.6452925813960594,-0.8726794412079364
Lahore,2021-12-04,29.7,0.8926362969092179,0.2671334608118787,-0.5520687351195245
Islamabad,2024-11-07,12.9,1.479897018560019,-0.35497520432989726,1.692206207499358
Quetta,2022-04-27,31.3,0.30537557525841663,1.3454551470576237,0.020450382895496694
Karachi,2023-12-23,26.5,-1.456406589693987,-1.474770801585094,-0.9642825000903396
Lahore,2021-10-15,18.6,0.30537557525841663,0.35008128283078216,1.2799924425285432
Lahore,2022-05-30,20.0,1.479897018560019,-0.3135012933204455,0.844877912837127
Islamabad,2024-02-27,17.1,0.30537557525841663,-0.8941360474527698,-1.078786323693344
Quetta,2024-11-08,30.7,-1.456406589693987,-0.6867664924055111,-0.6894733234431296
Quetta,2023-06-29,20.2,0.30537557525841663,-1.5162447125945457,0.7990763833959255
Quetta,2020-08-27,10.9,-0.2818851463923846,1.179559503019817,-0.16275573486931022
Peshawar,2023-03-23,10.5,0.30537557525841663,0.1427117277835235,1.2112901483667404
Quetta,2020-07-05,37.6,-1.456406589693987,0.059763905764620054,-1.078786323693344
Islamabad,2023-02-02,39.9,0.8926362969092179,0.4745030158591374,1.0738855600431354
Quetta,2021-06-04,15.5,1.479897018560019,-1.5991925346134492,1.4173970308521482
Quetta,2021-12-03,31.6,0.30537557525841663,1.179559503019817,-1.2848932061787515
Karachi,2022-04-08,39.0,1.479897018560019,1.469876880085979,-0.7123740881637304
Karachi,2021-05-30,10.5,0.8926362969092179,-0.6867664924055111,1.4173970308521482
Quetta,2021-08-15,28.8,0.8926362969092179,-0.18907956029209036,1.302893207249144
Lahore,2023-03-12,17.5,-0.2818851463923846,-0.8941360474527698,1.577702383896354
Karachi,2021-08-15,31.8,-0.2818851463923846,0.7648203929252995,-0.32306108791351595
Peshawar,2024-10-20,13.4,0.30537557525841663,-0.2720273823109938,0.7761756186753244
Lahore,2023-12-27,29.8,0.8926362969092179,0.43302910484968565,0.7990763833959255
Lahore,2020-05-19,25.1,-1.456406589693987,0.22565954980242697,1.5090000897345517
Karachi,2020-10-21,37.4,-0.8691458680431858,-1.5577186236039975,0.18075573593970246
Quetta,2022-03-11,37.0,0.30537557525841663,1.2625073250387202,0.04335114761609746
Lahore,2024-07-26,12.0,0.30537557525841663,0.43302910484968565,1.440297795572749
Islamabad,2024-11-13,33.5,-1.456406589693987,-1.2259273355283837,1.4173970308521482
Peshawar,2023-05-13,38.4,-0.2818851463923846,0.7233464819158478,-1.4222977945023565
Lahore,2024-04-22,24.2,-1.456406589693987,-0.2720273823109938,0.40976338314571087
Karachi,2023-04-13,36.9,-0.8691458680431858,1.0551377699914617,-1.3077939708993522
Islamabad,2022-08-29,20.0,-0.2818851463923846,1.0966116810009134,-1.4222977945023565
Quetta,2023-08-04,22.7,1.479897018560019,1.5942986131143342,0.40976338314571087
Quetta,2021-08-25,13.2,1.479897018560019,-1.0600316914905767,1.5548016191757532
Quetta,2021-07-07,36.8,1.479897018560019,-0.6867664924055111,-1.4451985592229575
Quetta,2024-12-30,38.4,0.8926362969092179,-0.7282404034149629,-0.3688626173547177
Karachi,2021-05-03,11.1,0.30537557525841663,-1.474770801585094,1.692206207499358
Lahore,2021-07-23,21.6,0.8926362969092179,1.469876880085979,-1.193290147296348
Islamabad,2023-06-20,36.3,-0.8691458680431858,1.4284029690765272,1.0051832658813327
Quetta,2020-09-16,28.2,-0.8691458680431858,-0.35497520432989726,0.7303740892341228
Karachi,2024-09-13,32.7,1.479897018560019,1.1380855920103652,-0.6436717940019279
Peshawar,2020-10-14,36.8,-0.2818851463923846,-1.7236142676418045,0.7074733245135221
Islamabad,2024-10-28,10.3,0.8926362969092179,0.6403986598969443,1.0967863247637362
Islamabad,2023-07-13,39.4,-0.2818851463923846,0.7233464819158478,-1.536801618105361
Lahore,2024-06-02,27.5,0.8926362969092179,0.8062943039347512,0.45556491258691284
Islamabad,2023-07-22,19.7,0.30537557525841663,-0.47939693735825245,0.6845725597929213
Karachi,2021-11-12,23.9,0.30537557525841663,1.303981236048172,-1.216190912016949
Islamabad,2023-03-16,12.5,1.479897018560019,0.8892421259536547,0.7990763833959255
Peshawar,2024-01-31,30.0,-1.456406589693987,-0.43792302634880076,0.5929695009105178
Peshawar,2021-05-31,30.9,1.479897018560019,0.3915551938402339,-0.048251911266306007
Quetta,2024-07-23,17.7,-1.456406589693987,0.9307160369631065,0.08915267705729919
Lahore,2021-10-07,38.5,-0.8691458680431858,0.059763905764620054,-0.18565649958991098
Peshawar,2024-07-16,30.1,-0.8691458680431858,-0.43792302634880076,0.020450382895496694
Karachi,2024-02-18,15.7,0.30537557525841663,-0.9770838694716732,-1.2619924414581507
Peshawar,2020-01-22,10.8,1.479897018560019,1.5528247021048824,0.3410610889839086
Peshawar,2022-02-28,15.1,1.479897018560019,0.059763905764620054,0.29525955954270666
Quetta,2022-08-02,14.9,0.8926362969092179,-0.5623447593771559,-0.2772595584723144
Quetta,2020-06-19,11.6,-0.8691458680431858,0.7233464819158478,-0.7581756176049321
Islamabad,2023-08-30,20.7,-1.456406589693987,1.5113507910954307,1.5319008544551524
Islamabad,2020-03-03,24.0,-0.8691458680431858,1.3454551470576237,-0.8497786764873355
Lahore,2023-08-12,13.8,0.8926362969092179,1.4284029690765272,1.600603148616955
Lahore,2022-04-27,23.8,0.30537557525841663,0.6403986598969443,-0.09405344070750753
Karachi,2022-11-08,22.0,0.30537557525841663,-1.1429795135094802,1.1425878542049381
Peshawar,2024-12-27,21.1,0.8926362969092179,-0.6038186703866076,0.08915267705729919
Karachi,2024-09-15,28.5,-1.456406589693987,-1.4332968905756422,1.4173970308521482
Peshawar,2024-05-07,33.1,-0.8691458680431858,-0.5623447593771559,-0.9642825000903396
Quetta,2023-01-04,28.6,-0.8691458680431858,1.3454551470576237,-1.23909167673755
Peshawar,2022-04-22,34.9,-0.2818851463923846,-0.5208708483677043,0.18075573593970246
Lahore,2022-05-01,18.1,0.8926362969092179,0.4745030158591374,-0.46046567623712115
Lahore,2021-10-16,28.0,-0.2818851463923846,1.3454551470576237,1.119687089484337
Quetta,2022-04-18,35.6,1.479897018560019,0.1427117277835235,-0.07115267598690676
Karachi,2022-12-12,22.1,-0.8691458680431858,-0.1476056492826386,0.6387710303517193
Islamabad,2021-05-17,15.9,0.8926362969092179,0.43302910484968565,0.7074733245135221
Karachi,2023-08-25,34.5,-1.456406589693987,-1.018557780481125,-0.918480970649138
Peshawar,2024-01-22,20.2,0.30537557525841663,1.4284029690765272,-1.2619924414581507
Lahore,2020-11-29,20.9,0.30537557525841663,-0.43792302634880076,-0.07115267598690676
Peshawar,2021-07-30,32.1,-0.8691458680431858,-1.640666445622901,0.9364809717195305
Karachi,2022-08-24,28.4,0.8926362969092179,0.18418563879297525,-1.2848932061787515
Karachi,2023-11-16,14.8,-1.456406589693987,0.018289994755168317,-0.8726794412079364
Islamabad,2020-09-23,32.4,-1.456406589693987,1.179559503019817,0.7303740892341228
Karachi,2020-07-20,17.5,0.30537557525841663,-0.7697143144244146,-0.0024503818251042746
Quetta,2023-11-29,16.1,0.30537557525841663,-0.35497520432989726,-0.8726794412079364
Lahore,2020-06-06,25.9,-1.456406589693987,1.4284029690765272,0.9593817364401312
Islamabad,2023-06-17,32.8,0.30537557525841663,-1.184453424518932,0.4784656773075136
Karachi,2023-05-18,18.5,-0.2818851463923846,1.303981236048172,0.11205344177789996
Islamabad,2022-08-26,10.9,0.30537557525841663,-1.5577186236039975,1.2799924425285432
Islamabad,2024-08-21,39.9,-0.2818851463923846,1.5942986131143342,-1.23909167673755
Karachi,2023-11-16,25.7,0.8926362969092179,-1.1429795135094802,1.0509847953225346
Quetta,2020-09-16,31.6,0.30537557525841663,0.059763905764620054,0.6616717950723201
Lahore,2022-06-03,35.3,1.479897018560019,-0.5208708483677043,1.2799924425285432
Lahore,2022-11-19,11.2,-1.456406589693987,0.5574508378780408,0.9593817364401312
Lahore,2023-11-08,36.4,0.30537557525841663,0.9721899479725582,-0.4833664409577219
Lahore,2020-03-01,13.6,0.30537557525841663,1.3869290580670754,1.0967863247637362
Lahore,2021-01-11,11.0,-1.456406589693987,-0.8941360474527698,-0.3688626173547177
Karachi,2022-09-18,35.1,0.8926362969092179,1.5528247021048824,-0.3688626173547177
Karachi,2024-07-31,17.7,1.479897018560019,-0.6452925813960594,-0.23145802903111273
Lahore,2023-08-22,28.3,-1.456406589693987,0.18418563879297525,0.22655726538090437
Lahore,2022-12-03,13.0,0.30537557525841663,-0.9356099584622215,0.43266414786631163
Karachi,2023-09-29,35.5,1.479897018560019,1.0551377699914617,0.844877912837127
Peshawar,2021-02-05,15.7,-0.2818851463923846,-0.18907956029209036,0.08915267705729919
Peshawar,2023-06-23,11.0,1.479897018560019,0.6403986598969443,-1.078786323693344
Peshawar,2024-09-29,35.6,-0.2818851463923846,1.5113507910954307,-0.7352748528843314
Peshawar,2024-01-24,10.2,-0.8691458680431858,-0.2720273823109938,0.04335114761609746
Lahore,2021-02-01,34.4,1.479897018560019,-1.6821403566323527,-0.4833664409577219
Islamabad,2021-06-13,35.2,-0.8691458680431858,1.303981236048172,1.440297795572749
Lahore,2024-11-30,17.4,-0.8691458680431858,-0.1476056492826386,0.3410610889839086
Karachi,2023-06-20,17.8,-0.8691458680431858,0.43302910484968565,-1.2848932061787515
Karachi,2020-01-23,10.5,-0.2818851463923846,-0.9770838694716732,0.18075573593970246
Karachi,2020-05-21,20.6,0.30537557525841663,-1.1429795135094802,1.4631985602933497
Karachi,2023-10-05,28.8,0.8926362969092179,1.5528247021048824,1.5548016191757532
Karachi,2021-01-14,22.1,0.30537557525841663,0.22565954980242697,1.4173970308521482
Islamabad,2022-11-20,25.1,0.8926362969092179,-0.35497520432989726,-1.4910000886641592
Islamabad,2021-03-26,39.6,1.479897018560019,1.2625073250387202,-1.078786323693344
Peshawar,2023-12-14,39.4,-1.456406589693987,-0.10613173827318688,-0.5978702645607261
Peshawar,2021-06-09,27.2,1.479897018560019,-1.018557780481125,0.7074733245135221
Quetta,2020-08-23,18.9,1.479897018560019,1.5528247021048824,0.7990763833959255
Lahore,2021-01-09,19.5,-0.8691458680431858,-1.2259273355283837,-0.5520687351195245
Peshawar,2023-12-11,17.9,-0.8691458680431858,0.1427117277835235,-0.3688626173547177
Quetta,2023-09-01,25.1,-0.2818851463923846,-1.4332968905756422,0.7761756186753244
Lahore,2023-04-21,32.9,0.30537557525841663,-0.6038186703866076,1.0509847953225346
Quetta,2020-07-13,27.1,-0.2818851463923846,-1.4332968905756422,-1.6513054417083652
Karachi,2024-02-05,27.9,-1.456406589693987,-1.6821403566323527,-1.1703893825757472
Karachi,2023-03-18,19.2,-0.2818851463923846,-1.5991925346134492,-0.9413817353697388
Peshawar,2022-01-19,34.8,0.30537557525841663,1.0966116810009134,-1.536801618105361
Islamabad,2023-04-14,24.6,-0.2818851463923846,0.10123781677407179,1.1425878542049381
Peshawar,2020-11-15,37.4,-0.8691458680431858,-0.6452925813960594,1.440297795572749
Karachi,2022-09-25,15.6,1.479897018560019,0.6403986598969443,-0.5978702645607261
Karachi,2023-06-02,36.0,-0.8691458680431858,0.43302910484968565,0.36396185370450934
Peshawar,2022-05-20,21.9,1.479897018560019,-1.2674012465378355,0.6845725597929213
Islamabad,2020-06-23,39.4,-0.2818851463923846,-0.2720273823109938,0.29525955954270666
Quetta,2022-01-30,34.9,-0.8691458680431858,-1.1015056025000285,0.45556491258691284
Peshawar,2020-04-29,35.2,1.479897018560019,0.18418563879297525,0.08915267705729919
Quetta,2022-01-10,24.1,0.30537557525841663,-0.5623447593771559,0.43266414786631163
Lahore,2020-07-02,39.8,0.8926362969092179,-0.8526621364433181,-0.781076382325533
Islamabad,2023-07-04,12.9,0.30537557525841663,-0.7697143144244146,0.13495420649850093
Islamabad,2022-01-26,17.7,1.479897018560019,-1.5162447125945457,1.6693054427787573
Quetta,2024-12-30,26.8,-0.2818851463923846,-1.0600316914905767,-1.23909167673755
Karachi,2023-09-04,15.1,0.8926362969092179,-1.1429795135094802,0.7990763833959255
Karachi,2020-04-14,32.8,0.8926362969092179,-0.23055347130154208,-0.7581756176049321
Lahore,2020-11-10,38.0,0.30537557525841663,0.059763905764620054,1.2799924425285432
Karachi,2020-07-24,23.9,0.8926362969092179,-0.43792302634880076,-1.4680993239435582
Quetta,2022-08-23,30.9,1.479897018560019,-0.7282404034149629,0.4784656773075136
Islamabad,2022-12-17,32.4,0.8926362969092179,-0.3135012933204455,0.9593817364401312
Karachi,2022-06-28,37.2,-0.8691458680431858,0.5159769268685891,-0.32306108791351595
Peshawar,2024-09-13,13.8,-1.456406589693987,1.5113507910954307,-1.4910000886641592
Quetta,2020-02-14,18.5,0.30537557525841663,1.5942986131143342,1.5548016191757532
Peshawar,2023-10-10,31.4,-0.2818851463923846,0.059763905764620054,0.45556491258691284
Lahore,2023-01-23,17.8,0.8926362969092179,-0.3135012933204455,1.5090000897345517
Islamabad,2020-04-09,39.9,0.8926362969092179,0.10123781677407179,0.7990763833959255
Peshawar,2023-09-13,36.9,0.8926362969092179,-1.3918229795661905,-0.506267205678323
Peshawar,2021-02-11,31.0,-0.8691458680431858,-0.6452925813960594,-0.6665725587225286
Lahore,2021-01-31,31.1,-0.8691458680431858,-1.1429795135094802,-1.1474886178551464
Islamabad,2022-09-02,39.3,-1.456406589693987,-1.018557780481125,1.4173970308521482
Peshawar,2024-11-24,29.4,1.479897018560019,1.5113507910954307,1.3257939719697447
Karachi,2021-10-07,30.4,-0.2818851463923846,-1.2259273355283837,-0.506267205678323
Peshawar,2021-10-17,25.2,0.8926362969092179,1.2210334140292685,1.5090000897345517
Peshawar,2021-06-24,35.3,-1.456406589693987,1.01366385898201,0.13495420649850093
Karachi,2021-08-27,13.9,1.479897018560019,-0.8941360474527698,1.3715955014109467
Islamabad,2021-12-26,36.2,-1.456406589693987,0.059763905764620054,0.40976338314571087
Peshawar,2024-08-24,17.3,0.30537557525841663,0.3915551938402339,1.2112901483667404
Quetta,2021-10-26,38.2,-1.456406589693987,-0.6867664924055111,1.4173970308521482
Karachi,2024-06-03,24.1,0.8926362969092179,-0.47939693735825245,-1.51390085338476
Quetta,2021-11-21,18.1,-0.8691458680431858,0.4745030158591374,-1.4680993239435582
Islamabad,2022-01-18,17.4,0.8926362969092179,0.6403986598969443,-1.674206206428966
Islamabad,2022-07-22,30.3,-0.8691458680431858,-1.2674012465378355,0.8677786775577278
Islamabad,2023-12-17,32.6,0.30537557525841663,-1.2259273355283837,-1.3535955003405542
Karachi,2020-07-12,29.7,1.479897018560019,1.179559503019817,-0.32306108791351595
Quetta,2023-05-24,31.4,-0.8691458680431858,-1.640666445622901,0.5013664420281143
Islamabad,2024-08-04,27.8,1.479897018560019,0.4745030158591374,-0.506267205678323
Karachi,2024-04-24,35.5,1.479897018560019,-1.5991925346134492,1.0738855600431354
Lahore,2024-05-05,38.9,1.479897018560019,1.303981236048172,-1.193290147296348
Peshawar,2021-06-27,34.5,-0.8691458680431858,0.7233464819158478,-0.4375649115165202
Lahore,2022-12-21,19.6,-0.8691458680431858,1.01366385898201,-1.2619924414581507
Peshawar,2022-11-14,34.3,-1.456406589693987,-0.9770838694716732,-0.506267205678323
Islamabad,2020-03-28,10.7,-1.456406589693987,-0.06465782726373515,0.43266414786631163
Karachi,2020-11-07,15.1,-1.456406589693987,0.847768214944203,0.844877912837127
Karachi,2024-10-19,36.8,1.479897018560019,1.179559503019817,1.577702383896354
Quetta,2020-10-21,37.1,-0.8691458680431858,-0.10613173827318688,0.08915267705729919
Quetta,2023-03-31,34.6,-0.2818851463923846,-1.2674012465378355,1.0738855600431354
Karachi,2020-03-05,11.4,-0.2818851463923846,1.5942986131143342,-0.7581756176049321
Lahore,2020-01-08,39.1,1.479897018560019,-0.8526621364433181,0.36396185370450934
Peshawar,2021-11-27,17.7,1.479897018560019,1.5113507910954307,0.11205344177789996
Lahore,2020-12-15,11.3,-0.2818851463923846,-1.1429795135094802,0.08915267705729919
Lahore,2022-03-30,18.0,-1.456406589693987,-1.3918229795661905,-0.7352748528843314
Peshawar,2020-12-10,34.6,1.479897018560019,0.7648203929252995,-0.4833664409577219
Quetta,2024-09-09,38.1,-0.2818851463923846,1.5528247021048824,1.73800773694056
Quetta,2024-07-23,26.8,-0.8691458680431858,-1.6821403566323527,1.2799924425285432
Lahore,2020-11-12,16.8,1.479897018560019,0.4745030158591374,-1.6055039122671635
Peshawar,2022-07-08,14.7,1.479897018560019,0.9721899479725582,-1.1016870884139447
Quetta,2023-04-22,19.8,-0.2818851463923846,-0.6867664924055111,-0.6436717940019279
Lahore,2021-06-30,20.0,-0.2818851463923846,0.3915551938402339,0.6158702656311186
Peshawar,2024-03-22,33.7,-0.2818851463923846,0.10123781677407179,1.302893207249144
Peshawar,2020-09-29,33.5,-0.2818851463923846,-1.350349068556739,0.7532748539547236
Karachi,2022-05-31,12.3,-0.2818851463923846,-1.350349068556739,-1.1703893825757472
Islamabad,2022-12-25,19.4,-0.2818851463923846,1.2210334140292685,-0.8955802059285372
Peshawar,2021-07-31,39.1,0.8926362969092179,-0.5208708483677043,0.7074733245135221
Quetta,2024-07-29,28.0,-0.2818851463923846,1.0966116810009134,-0.2772595584723144
Lahore,2021-02-24,38.0,1.479897018560019,-0.18907956029209036,-0.6665725587225286
Lahore,2021-09-20,14.1,-0.2818851463923846,-1.3918229795661905,0.7303740892341228
Islamabad,2020-09-23,32.6,0.30537557525841663,0.9307160369631065,0.6158702656311186
Peshawar,2024-05-24,27.3,-1.456406589693987,1.3454551470576237,0.9364809717195305
Peshawar,2020-01-11,20.6,0.30537557525841663,0.2671334608118787,-0.8268779117667346
Lahore,2022-12-04,19.5,1.479897018560019,-0.8111882254338664,0.9364809717195305
Karachi,2024-10-31,16.9,-0.2818851463923846,-0.023183916254283416,0.11205344177789996
Quetta,2024-01-24,20.1,1.479897018560019,0.6818725709063961,0.45556491258691284
Peshawar,2020-03-11,34.7,-1.456406589693987,-1.018557780481125,-1.536801618105361
Karachi,2021-05-24,18.6,0.30537557525841663,-1.5991925346134492,1.1883893836461397
Karachi,2024-10-17,36.7,0.8926362969092179,0.6818725709063961,0.13495420649850093
Islamabad,2022-09-22,25.3,-0.8691458680431858,1.469876880085979,-0.3917633820753187
Peshawar,2021-10-06,19.9,-1.456406589693987,0.7648203929252995,0.7990763833959255
Islamabad,2021-10-13,19.0,0.8926362969092179,1.5113507910954307,0.6845725597929213
Islamabad,2022-08-31,23.8,-1.456406589693987,1.303981236048172,0.06625191233669822
Lahore,2022-05-20,15.2,1.479897018560019,-0.06465782726373515,1.600603148616955
Quetta,2024-11-16,24.7,-0.2818851463923846,0.7648203929252995,0.3181603242633074
Peshawar,2021-02-23,20.4,1.479897018560019,1.4284029690765272,-0.4833664409577219
Islamabad,2020-05-20,13.8,-1.456406589693987,-0.396449115339349,0.7303740892341228
Lahore,2024-06-27,10.9,-1.456406589693987,-0.35497520432989726,0.06625191233669822
Peshawar,2020-01-26,25.3,0.8926362969092179,-0.18907956029209036,1.6464046780581565
Lahore,2020-10-18,32.8,-0.2818851463923846,0.4745030158591374,-1.536801618105361
Islamabad,2022-02-21,13.6,-0.8691458680431858,1.5528247021048824,0.4784656773075136
Islamabad,2020-12-03,24.1,1.479897018560019,-0.3135012933204455,-0.3917633820753187
Lahore,2022-12-20,32.1,0.8926362969092179,0.8062943039347512,-0.6207710292813271
Karachi,2020-10-08,36.7,0.8926362969092179,-1.018557780481125,0.7532748539547236
Karachi,2024-12-25,19.9,-0.8691458680431858,0.7648203929252995,0.3410610889839086
Lahore,2024-06-01,19.5,-1.456406589693987,1.303981236048172,-0.41466414679591945
Quetta,2020-01-13,29.1,-0.2818851463923846,1.0966116810009134,-1.1474886178551464
Lahore,2023-08-11,20.9,0.8926362969092179,0.43302910484968565,-0.9871832648109405
Islamabad,2020-07-30,23.3,0.8926362969092179,-1.2674012465378355,0.43266414786631163
Peshawar,2023-10-31,23.5,0.8926362969092179,1.3454551470576237,-0.9871832648109405
Quetta,2020-07-08,32.1,-0.8691458680431858,0.18418563879297525,0.4784656773075136
Islamabad,2021-08-05,26.5,0.30537557525841663,0.18418563879297525,-0.3688626173547177
Peshawar,2023-07-17,19.9,-0.2818851463923846,0.43302910484968565,-0.8497786764873355
Karachi,2024-05-16,16.7,-0.2818851463923846,-1.5577186236039975,-0.07115267598690676
Quetta,2021-11-22,27.9,1.479897018560019,-1.5991925346134492,-0.025351146545705038
Karachi,2023-03-15,17.5,-1.456406589693987,0.5989247488874926,0.2723587948221059
Lahore,2024-12-13,25.3,-0.8691458680431858,0.5574508378780408,0.13495420649850093
Peshawar,2020-07-10,32.8,0.8926362969092179,-1.7236142676418045,1.6464046780581565
Peshawar,2024-06-02,39.6,-0.8691458680431858,0.5574508378780408,1.0509847953225346
Islamabad,2023-03-25,28.9,0.8926362969092179,1.4284029690765272,-1.4222977945023565
Quetta,2022-02-16,17.4,0.30537557525841663,0.22565954980242697,1.0280840306019339
Lahore,2021-02-14,26.3,1.479897018560019,0.2671334608118787,-1.3306947356199532
Peshawar,2022-06-03,23.0,0.8926362969092179,-1.640666445622901,0.1578549712191017
Lahore,2023-01-18,36.4,-0.2818851463923846,0.5574508378780408,-0.16275573486931022
Lahore,2022-09-13,17.2,0.30537557525841663,-0.3135012933204455,0.9593817364401312
Peshawar,2022-08-30,19.1,1.479897018560019,-1.4332968905756422,0.08915267705729919
Karachi,2024-09-29,27.8,1.479897018560019,-1.4332968905756422,0.5242672067487151
Lahore,2024-09-22,25.1,1.479897018560019,-0.023183916254283416,0.8906794422783285
Islamabad,2023-11-26,18.1,-0.2818851463923846,-1.2674012465378355,-0.0024503818251042746
Islamabad,2020-08-31,23.5,-1.456406589693987,-0.2720273823109938,-0.5291679703989237
Islamabad,2023-09-08,33.9,-0.8691458680431858,1.5528247021048824,-1.3993970297817557
Quetta,2020-03-18,24.7,-0.8691458680431858,0.5159769268685891,1.0738855600431354
Lahore,2022-09-15,23.3,-0.8691458680431858,-1.7236142676418045,-1.1474886178551464
Lahore,2020-08-01,10.5,1.479897018560019,1.4284029690765272,-1.536801618105361
Lahore,2022-06-03,36.4,0.30537557525841663,0.43302910484968565,1.0967863247637362
Lahore,2024-01-10,11.3,-0.2818851463923846,0.35008128283078216,-1.4451985592229575
Karachi,2020-06-14,36.1,-0.2818851463923846,1.179559503019817,0.04335114761609746
Lahore,2020-04-21,10.2,-0.8691458680431858,-0.9770838694716732,0.7761756186753244
Peshawar,2021-06-08,14.4,1.479897018560019,-0.7697143144244146,0.5013664420281143
Quetta,2024-03-19,37.3,1.479897018560019,0.8892421259536547,-1.0100840295315416
Quetta,2023-12-21,11.4,0.8926362969092179,-0.35497520432989726,0.6845725597929213
Islamabad,2022-03-02,23.2,0.8926362969092179,-0.06465782726373515,0.11205344177789996
Peshawar,2023-05-04,21.4,-0.8691458680431858,0.7648203929252995,-0.7352748528843314
Karachi,2024-11-06,23.4,0.30537557525841663,0.059763905764620054,-0.3917633820753187
Islamabad,2022-02-06,14.4,-1.456406589693987,1.469876880085979,1.3944962661315474
Lahore,2023-12-14,26.2,0.30537557525841663,-0.023183916254283416,-0.46046567623712115
Karachi,2021-09-14,38.6,0.30537557525841663,0.18418563879297525,-0.506267205678323
Karachi,2024-03-07,31.9,-0.2818851463923846,-0.3135012933204455,-0.5291679703989237
Peshawar,2021-01-13,37.3,0.30537557525841663,-0.10613173827318688,1.0051832658813327
Islamabad,2022-12-02,22.5,0.8926362969092179,1.0551377699914617,-0.1169542054281085
Karachi,2024-08-08,18.8,0.8926362969092179,-0.18907956029209036,1.0509847953225346
Lahore,2023-10-22,34.2,1.479897018560019,-1.474770801585094,1.5548016191757532
Lahore,2020-01-11,33.3,-1.456406589693987,1.4284029690765272,-1.376496265061155
Peshawar,2021-07-09,11.6,0.30537557525841663,1.5942986131143342,-0.3688626173547177
Quetta,2020-04-06,27.5,-1.456406589693987,-0.6452925813960594,0.8906794422783285
Peshawar,2021-09-14,10.1,-1.456406589693987,1.5528247021048824,-0.8268779117667346
Quetta,2022-10-16,26.3,-1.456406589693987,1.303981236048172,0.7303740892341228
Islamabad,2022-03-09,24.8,0.8926362969092179,0.4745030158591374,-0.2543587937517135
Karachi,2024-10-15,23.7,-0.8691458680431858,-1.7236142676418045,-0.20855726431051175
Lahore,2020-06-03,25.1,0.30537557525841663,1.303981236048172,-0.3688626173547177
Islamabad,2021-10-30,13.0,-0.8691458680431858,-0.7697143144244146,0.36396185370450934
Peshawar,2023-07-18,13.3,1.479897018560019,-0.9356099584622215,1.119687089484337
Islamabad,2024-01-06,21.9,0.30537557525841663,-1.350349068556739,0.43266414786631163
Quetta,2024-09-20,34.0,-0.8691458680431858,-0.396449115339349,-1.3993970297817557
Karachi,2023-09-27,10.2,-0.8691458680431858,-1.5162447125945457,-1.078786323693344
Islamabad,2023-10-08,28.0,0.8926362969092179,-0.9356099584622215,-0.46046567623712115
Quetta,2024-01-28,13.0,-0.2818851463923846,-1.7236142676418045,1.1883893836461397
Peshawar,2022-01-16,35.5,0.30537557525841663,1.3454551470576237,-0.048251911266306007
Karachi,2023-03-01,14.2,-0.8691458680431858,-0.6038186703866076,-1.5826031475465625
Lahore,2024-11-06,21.0,-1.456406589693987,-0.8526621364433181,-1.536801618105361
Islamabad,2023-11-06,13.9,-1.456406589693987,-0.8526621364433181,-0.5291679703989237
Lahore,2024-11-28,38.9,-0.8691458680431858,0.5574508378780408,-1.0100840295315416
Peshawar,2020-12-31,36.0,1.479897018560019,-1.2259273355283837,-1.376496265061155
Lahore,2022-04-24,28.7,0.8926362969092179,-1.184453424518932,-1.0100840295315416
Peshawar,2024-07-09,32.4,-1.456406589693987,-0.7697143144244146,-0.8497786764873355
Islamabad,2020-12-20,12.9,-1.456406589693987,-0.10613173827318688,-0.4375649115165202
Quetta,2024-01-19,19.3,1.479897018560019,0.7648203929252995,-0.8039771470461339
Quetta,2021-09-17,12.6,1.479897018560019,0.30860737182133047,1.2570916778079424
Quetta,2022-02-19,33.2,0.8926362969092179,-0.35497520432989726,1.2112901483667404
Peshawar,2024-01-02,28.7,1.479897018560019,-1.640666445622901,1.5548016191757532
Quetta,2021-11-14,34.8,1.479897018560019,-1.350349068556739,-1.376496265061155
Lahore,2023-03-16,25.5,-1.456406589693987,0.7233464819158478,-1.0329847942521424
Islamabad,2020-12-28,23.7,0.8926362969092179,1.469876880085979,-1.1703893825757472
Karachi,2020-12-25,19.7,-0.8691458680431858,-0.6038186703866076,-0.025351146545705038
Lahore,2020-04-14,11.1,-0.8691458680431858,-0.23055347130154208,-1.4680993239435582
Quetta,2023-05-25,38.3,-0.8691458680431858,-0.7697143144244146,-0.16275573486931022
Karachi,2022-02-02,35.2,1.479897018560019,1.3454551470576237,0.18075573593970246
Islamabad,2020-10-05,25.9,-0.8691458680431858,-0.8111882254338664,1.1425878542049381
Karachi,2024-02-29,21.8,0.30537557525841663,-1.474770801585094,-0.6894733234431296
Quetta,2022-05-15,31.9,0.30537557525841663,-0.1476056492826386,-0.18565649958991098
Lahore,2021-10-05,34.7,0.8926362969092179,-0.7282404034149629,0.6387710303517193
Karachi,2021-06-24,17.4,-0.2818851463923846,-0.6038186703866076,-1.376496265061155
Quetta,2024-09-04,22.0,1.479897018560019,-0.8111882254338664,1.2341909130873412
Islamabad,2023-10-07,34.3,-1.456406589693987,1.469876880085979,-0.09405344070750753
Lahore,2021-07-29,12.7,0.8926362969092179,0.9307160369631065,0.6845725597929213
Quetta,2020-07-02,32.0,-1.456406589693987,0.1427117277835235,-1.3077939708993522
Quetta,2022-06-08,23.9,-0.2818851463923846,-0.5623447593771559,-0.7352748528843314
Islamabad,2020-05-21,32.1,-1.456406589693987,0.4745030158591374,0.6845725597929213
Lahore,2021-01-31,19.8,0.30537557525841663,0.30860737182133047,0.29525955954270666
Islamabad,2020-02-24,38.5,-0.8691458680431858,1.1380855920103652,1.6693054427787573
Lahore,2020-02-04,31.9,0.8926362969092179,-1.018557780481125,-0.41466414679591945
Karachi,2021-01-18,28.7,-1.456406589693987,0.1427117277835235,0.43266414786631163
Quetta,2021-01-24,30.6,-0.2818851463923846,-0.7697143144244146,1.0509847953225346
Peshawar,2020-02-10,27.9,-0.2818851463923846,-1.3088751575472872,-0.6894733234431296
Islamabad,2020-12-06,19.0,1.479897018560019,-0.35497520432989726,-0.3688626173547177
Karachi,2020-01-26,33.1,-1.456406589693987,-1.5162447125945457,1.4173970308521482
Quetta,2024-12-18,37.2,-1.456406589693987,0.7648203929252995,1.0967863247637362
Karachi,2020-08-21,31.2,-0.8691458680431858,1.3454551470576237,-0.09405344070750753
Quetta,2024-02-17,20.4,-0.8691458680431858,0.059763905764620054,1.692206207499358
Karachi,2022-01-18,28.9,0.30537557525841663,-1.0600316914905767,1.3715955014109467
Islamabad,2020-05-27,30.5,0.8926362969092179,0.30860737182133047,-1.4680993239435582
Peshawar,2023-03-06,12.8,0.30537557525841663,0.5989247488874926,0.570068736189917
Karachi,2022-06-13,18.0,-0.2818851463923846,0.8062943039347512,-1.4451985592229575
Islamabad,2023-11-20,24.8,0.30537557525841663,1.2210334140292685,1.4173970308521482
Lahore,2023-05-01,12.4,-1.456406589693987,1.469876880085979,-1.674206206428966
Peshawar,2023-04-28,33.7,1.479897018560019,1.5528247021048824,-0.16275573486931022
Karachi,2024-04-27,15.2,-0.2818851463923846,0.3915551938402339,-1.193290147296348
Lahore,2021-03-09,16.6,1.479897018560019,-0.35497520432989726,1.3944962661315474
Quetta,2021-11-16,12.2,0.30537557525841663,0.9307160369631065,0.29525955954270666
Karachi,2023-02-06,26.3,-0.8691458680431858,1.0551377699914617,-0.3917633820753187
Lahore,2023-07-06,29.9,-1.456406589693987,0.9721899479725582,0.8906794422783285
Quetta,2024-04-06,30.6,0.30537557525841663,-0.5208708483677043,1.3715955014109467
Lahore,2021-10-18,26.7,-0.8691458680431858,-0.06465782726373515,0.3410610889839086
Karachi,2020-10-26,24.2,1.479897018560019,-1.3088751575472872,0.8219771481165262
Islamabad,2024-05-12,22.0,-0.2818851463923846,1.5942986131143342,0.8219771481165262
Islamabad,2023-10-13,24.5,-0.2818851463923846,-1.3918229795661905,0.29525955954270666
Peshawar,2021-06-16,29.2,-0.8691458680431858,1.3869290580670754,0.22655726538090437
Islamabad,2023-07-26,32.6,0.8926362969092179,0.7233464819158478,-0.23145802903111273
Quetta,2024-07-31,21.2,0.30537557525841663,0.5989247488874926,0.982282501160732
Lahore,2020-04-05,16.9,-1.456406589693987,-1.1429795135094802,-0.41466414679591945
Islamabad,2023-12-18,16.4,-1.456406589693987,0.059763905764620054,-1.6055039122671635
Lahore,2023-01-08,15.4,0.30537557525841663,0.059763905764620054,1.73800773694056
Lahore,2020-02-08,26.2,-0.2818851463923846,-1.4332968905756422,-1.6284046769877643
Karachi,2023-01-25,27.1,-1.456406589693987,-0.9356099584622215,-1.1703893825757472
Quetta,2024-08-26,23.4,-0.2818851463923846,1.4284029690765272,0.22655726538090437
Quetta,2020-10-14,37.4,1.479897018560019,-1.5162447125945457,-0.4833664409577219
Peshawar,2024-11-17,30.3,-0.2818851463923846,-0.2720273823109938,1.2799924425285432
Karachi,2022-01-17,25.1,1.479897018560019,1.3869290580670754,-0.5291679703989237
Quetta,2023-06-27,19.7,-0.8691458680431858,-0.5208708483677043,0.5242672067487151
Islamabad,2024-03-30,25.4,-1.456406589693987,-1.2674012465378355,-1.51390085338476
Quetta,2024-09-03,39.6,0.8926362969092179,1.2625073250387202,-0.6207710292813271
Islamabad,2023-07-05,19.1,-0.2818851463923846,1.179559503019817,-0.506267205678323
Islamabad,2023-01-10,13.5,0.8926362969092179,-1.018557780481125,-0.41466414679591945
Peshawar,2023-10-30,15.4,0.30537557525841663,1.5528247021048824,0.5929695009105178
Quetta,2023-01-23,24.5,0.30537557525841663,0.8892421259536547,0.1578549712191017
Peshawar,2022-11-24,22.4,0.30537557525841663,-1.3088751575472872,1.6464046780581565
Islamabad,2020-08-09,12.6,0.30537557525841663,-0.5623447593771559,-1.1016870884139447
Karachi,2021-12-04,32.0,1.479897018560019,1.0966116810009134,-1.078786323693344
Peshawar,2021-08-30,29.1,-0.2818851463923846,0.018289994755168317,-1.1016870884139447
Peshawar,2022-07-16,37.3,-0.2818851463923846,-0.8941360474527698,1.6464046780581565
Karachi,2021-08-24,35.4,-0.8691458680431858,-0.023183916254283416,0.45556491258691284
Islamabad,2020-09-06,23.9,-0.8691458680431858,1.0551377699914617,-0.025351146545705038
Peshawar,2023-07-14,10.2,-1.456406589693987,-1.640666445622901,1.577702383896354
Quetta,2022-09-28,17.9,-0.8691458680431858,-0.023183916254283416,-0.13985497014870926
Karachi,2021-08-20,13.7,1.479897018560019,-1.2259273355283837,1.0051832658813327
Islamabad,2020-11-11,16.6,-0.8691458680431858,-1.350349068556739,-0.025351146545705038
Quetta,2023-10-02,36.2,1.479897018560019,1.3454551470576237,-1.23909167673755
Islamabad,2024-03-30,10.7,0.8926362969092179,0.7648203929252995,-1.5826031475465625
Peshawar,2022-07-05,13.7,0.30537557525841663,-0.6452925813960594,-0.2543587937517135
Quetta,2023-04-11,38.4,-1.456406589693987,1.3869290580670754,-0.7352748528843314
Quetta,2024-07-08,27.3,0.30537557525841663,1.2210334140292685,0.7761756186753244
Peshawar,2022-07-27,24.1,-1.456406589693987,0.9721899479725582,-1.3306947356199532
Peshawar,2024-03-13,31.9,1.479897018560019,-1.640666445622901,0.3410610889839086
Lahore,2023-02-19,11.0,-0.8691458680431858,0.2671334608118787,1.7151069722199592
Karachi,2023-02-23,15.6,0.8926362969092179,0.018289994755168317,-0.3917633820753187
Lahore,2020-11-09,32.8,0.8926362969092179,-0.6867664924055111,1.3486947366903455
Quetta,2023-01-31,22.5,0.30537557525841663,1.303981236048172,1.3944962661315474
Karachi,2023-01-25,11.2,-0.2818851463923846,-1.3088751575472872,-1.3535955003405542
Islamabad,2023-10-29,26.5,0.8926362969092179,-0.6452925813960594,-1.6055039122671635
Lahore,2022-01-31,25.4,-0.2818851463923846,-1.018557780481125,-0.048251911266306007
Islamabad,2020-04-16,23.7,-0.2818851463923846,-0.43792302634880076,0.7990763833959255
Lahore,2024-03-18,25.0,-0.8691458680431858,0.30860737182133047,-1.5826031475465625
Karachi,2024-12-27,29.3,-1.456406589693987,1.0551377699914617,-1.5597023828259617
Islamabad,2023-04-20,23.5,-0.8691458680431858,-0.10613173827318688,0.45556491258691284
Karachi,2023-09-03,38.4,-1.456406589693987,1.0551377699914617,-1.193290147296348
Islamabad,2021-07-03,30.1,1.479897018560019,0.35008128283078216,-0.2543587937517135
Peshawar,2022-04-18,12.5,1.479897018560019,-0.35497520432989726,-1.23909167673755
Lahore,2024-02-20,33.6,-0.8691458680431858,-0.23055347130154208,0.9135802069989297
Peshawar,2021-11-23,24.9,-1.456406589693987,-1.350349068556739,-1.1016870884139447
Quetta,2024-09-08,36.9,-1.456406589693987,0.9721899479725582,0.982282501160732
Karachi,2023-06-25,34.0,-1.456406589693987,-1.5991925346134492,1.6693054427787573
Quetta,2023-07-15,21.8,-0.8691458680431858,0.10123781677407179,-1.674206206428966
Quetta,2021-08-13,15.6,0.30537557525841663,-0.1476056492826386,-0.8726794412079364
Karachi,2020-05-16,34.9,-0.2818851463923846,0.6818725709063961,-0.9413817353697388
Lahore,2022-08-24,14.5,-0.8691458680431858,1.1380855920103652,1.4631985602933497
Islamabad,2022-09-06,16.7,0.8926362969092179,-0.5208708483677043,0.13495420649850093
Lahore,2020-12-21,12.3,1.479897018560019,-0.9356099584622215,-1.0100840295315416
Islamabad,2021-04-09,16.0,-0.2818851463923846,0.6818725709063961,1.0280840306019339
Quetta,2024-09-05,22.2,1.479897018560019,1.2210334140292685,0.11205344177789996
Peshawar,2021-04-17,34.8,-1.456406589693987,-0.5623447593771559,1.302893207249144
Islamabad,2024-07-07,31.8,0.8926362969092179,-0.35497520432989726,-1.3077939708993522
Lahore,2021-12-24,11.9,-1.456406589693987,1.01366385898201,-0.3688626173547177
Lahore,2023-12-09,26.1,-0.8691458680431858,0.4745030158591374,0.36396185370450934
Peshawar,2024-08-14,13.3,0.30537557525841663,-0.023183916254283416,-0.46046567623712115
Quetta,2024-06-19,25.8,-0.2818851463923846,-1.5991925346134492,1.7151069722199592
Karachi,2022-12-16,28.8,-1.456406589693987,0.5989247488874926,-0.5749694998401254
Karachi,2022-03-04,31.3,-0.8691458680431858,-0.7282404034149629,1.2570916778079424
Karachi,2021-05-22,11.7,1.479897018560019,1.4284029690765272,0.982282501160732
Peshawar,2023-04-15,29.1,0.30537557525841663,1.0966116810009134,1.73800773694056
Karachi,2021-10-08,25.1,-0.2818851463923846,-0.023183916254283416,0.6158702656311186
Islamabad,2024-02-22,27.8,-1.456406589693987,-0.10613173827318688,1.0738855600431354
Islamabad,2023-05-23,28.5,0.30537557525841663,0.059763905764620054,0.7532748539547236
Lahore,2020-03-17,21.5,1.479897018560019,1.5528247021048824,0.43266414786631163
Karachi,2020-09-12,23.1,1.479897018560019,-1.018557780481125,-0.4833664409577219
Karachi,2023-07-29,19.8,-1.456406589693987,1.5942986131143342,0.18075573593970246
Karachi,2024-11-21,24.6,-0.8691458680431858,-0.10613173827318688,-1.4222977945023565
Islamabad,2020-06-06,29.4,0.8926362969092179,-1.018557780481125,1.119687089484337
Peshawar,2023-03-02,29.2,-1.456406589693987,-0.6867664924055111,-1.3306947356199532
Islamabad,2020-11-06,20.0,-0.8691458680431858,0.9307160369631065,0.6616717950723201
Islamabad,2021-11-23,39.2,-1.456406589693987,1.5113507910954307,-1.1016870884139447
Peshawar,2024-10-22,22.1,0.30537557525841663,-0.396449115339349,-0.16275573486931022
Quetta,2021-05-17,29.5,0.8926362969092179,0.7233464819158478,0.4784656773075136
Lahore,2021-10-08,35.4,-0.8691458680431858,-0.1476056492826386,0.18075573593970246
Islamabad,2021-09-29,16.0,0.8926362969092179,1.3454551470576237,-1.23909167673755
Quetta,2024-12-30,40.0,-0.8691458680431858,1.5942986131143342,-0.6894733234431296
Lahore,2020-02-01,11.0,0.8926362969092179,-0.9770838694716732,0.570068736189917
Peshawar,2022-04-06,33.4,0.30537557525841663,-1.7236142676418045,1.3944962661315474
Peshawar,2021-02-13,38.3,1.479897018560019,0.4745030158591374,-1.216190912016949
Peshawar,2024-02-14,30.1,0.8926362969092179,1.179559503019817,-0.3688626173547177
Quetta,2020-11-08,15.3,-0.2818851463923846,1.2625073250387202,1.6693054427787573
Islamabad,2022-06-08,38.9,-0.8691458680431858,-1.5162447125945457,-0.8039771470461339
Quetta,2020-05-29,35.0,0.30537557525841663,-0.5623447593771559,-1.6284046769877643
Islamabad,2023-12-16,29.2,-0.2818851463923846,0.9721899479725582,1.4631985602933497
Peshawar,2023-12-11,35.5,-0.2818851463923846,1.3869290580670754,-0.7123740881637304
Karachi,2021-05-17,14.6,-1.456406589693987,1.0966116810009134,0.08915267705729919
Islamabad,2022-10-14,11.3,-0.8691458680431858,-1.3088751575472872,-1.4910000886641592
Peshawar,2020-07-16,24.5,-0.2818851463923846,1.3454551470576237,0.8677786775577278
Quetta,2023-01-25,12.1,1.479897018560019,1.179559503019817,0.18075573593970246
Islamabad,2020-10-24,11.3,0.8926362969092179,-0.7282404034149629,-1.0329847942521424
Islamabad,2020-06-30,20.2,-1.456406589693987,-1.640666445622901,-0.1169542054281085
Karachi,2020-08-23,15.1,0.8926362969092179,1.1380855920103652,-1.536801618105361
Peshawar,2022-03-27,23.5,-0.8691458680431858,-0.8111882254338664,-0.918480970649138
Karachi,2020-03-31,31.4,-0.2818851463923846,0.059763905764620054,-1.0558855589727432
Islamabad,2020-01-23,14.2,-0.8691458680431858,1.469876880085979,-1.3077939708993522
Lahore,2022-08-03,35.8,-1.456406589693987,-1.018557780481125,-0.32306108791351595
Karachi,2022-10-06,37.5,1.479897018560019,-0.7697143144244146,0.24945803010150513
Peshawar,2021-02-17,22.9,-0.2818851463923846,-0.396449115339349,0.29525955954270666
Karachi,2023-06-15,23.0,-0.8691458680431858,0.10123781677407179,-0.8726794412079364
Peshawar,2023-04-15,14.3,1.479897018560019,0.8062943039347512,-1.5826031475465625
Lahore,2024-10-08,22.8,0.30537557525841663,-0.10613173827318688,-1.5597023828259617
Quetta,2024-10-13,20.0,1.479897018560019,1.303981236048172,-1.3306947356199532
Peshawar,2024-08-03,26.1,-0.2818851463923846,-1.184453424518932,-0.0024503818251042746
Karachi,2024-10-06,24.9,-0.2818851463923846,-0.023183916254283416,-0.4833664409577219
Karachi,2022-04-24,16.7,-1.456406589693987,-0.9770838694716732,1.1883893836461397
Peshawar,2023-02-01,37.3,-0.2818851463923846,1.303981236048172,-1.6513054417083652
Quetta,2021-04-04,14.5,-0.8691458680431858,0.059763905764620054,1.3715955014109467
Quetta,2021-02-19,14.4,-1.456406589693987,-0.6452925813960594,0.3410610889839086
Peshawar,2021-01-23,32.6,-0.8691458680431858,-0.35497520432989726,-0.6207710292813271
Islamabad,2022-12-14,29.9,-1.456406589693987,0.18418563879297525,-0.4375649115165202
Lahore,2022-10-22,31.1,-0.8691458680431858,1.5528247021048824,-0.46046567623712115
Islamabad,2022-06-10,35.4,-0.8691458680431858,0.1427117277835235,-0.32306108791351595
Islamabad,2020-05-25,11.2,-0.8691458680431858,-1.5162447125945457,-0.7352748528843314
Karachi,2020-08-02,38.2,1.479897018560019,0.5989247488874926,-1.51390085338476
Quetta,2021-12-27,20.6,-1.456406589693987,-1.0600316914905767,-0.5749694998401254
Karachi,2020-11-30,29.1,-0.2818851463923846,-0.7697143144244146,0.22655726538090437
Islamabad,2024-01-10,28.0,1.479897018560019,0.5989247488874926,-0.5749694998401254
Quetta,2024-06-10,25.6,-0.2818851463923846,1.469876880085979,0.6845725597929213
Lahore,2024-01-15,25.7,0.30537557525841663,-1.640666445622901,-0.5749694998401254
Islamabad,2024-11-30,29.8,-0.8691458680431858,-0.9770838694716732,-0.5291679703989237
Quetta,2020-10-27,14.7,-0.2818851463923846,0.8892421259536547,-0.048251911266306007
Karachi,2020-04-04,17.9,-1.456406589693987,0.059763905764620054,-1.3077939708993522
Lahore,2022-10-31,31.9,-1.456406589693987,-0.023183916254283416,-0.048251911266306007
Islamabad,2022-10-09,11.5,0.30537557525841663,-1.2259273355283837,-1.193290147296348
Quetta,2023-06-23,28.4,-0.8691458680431858,0.30860737182133047,0.1578549712191017
Karachi,2021-09-05,36.5,-0.8691458680431858,0.8892421259536547,0.29525955954270666
Islamabad,2023-09-03,27.2,-1.456406589693987,-1.350349068556739,0.020450382895496694
Karachi,2023-07-25,27.4,0.8926362969092179,-1.5991925346134492,-0.7352748528843314
Islamabad,2022-12-09,18.9,-0.2818851463923846,-0.18907956029209036,-1.2619924414581507
Quetta,2022-01-05,28.2,1.479897018560019,1.0551377699914617,1.165488618925539
Peshawar,2024-09-02,13.9,0.8926362969092179,-0.3135012933204455,1.7151069722199592
Lahore,2023-05-04,37.0,-1.456406589693987,0.6403986598969443,-1.216190912016949
Lahore,2021-12-24,10.3,0.30537557525841663,0.9721899479725582,-1.0329847942521424
Karachi,2021-09-25,10.1,0.30537557525841663,-1.018557780481125,0.36396185370450934
Lahore,2023-11-07,16.7,0.30537557525841663,1.4284029690765272,0.5242672067487151
Peshawar,2023-11-16,28.1,-0.8691458680431858,0.7233464819158478,-0.8268779117667346
Lahore,2022-03-29,37.6,-0.8691458680431858,-1.5991925346134492,-1.3306947356199532
Karachi,2022-10-26,28.0,0.30537557525841663,1.0966116810009134,-0.7352748528843314
Karachi,2020-03-12,32.0,-1.456406589693987,0.35008128283078216,-0.5749694998401254
Lahore,2022-06-18,21.4,-0.2818851463923846,1.2625073250387202,1.73800773694056
Peshawar,2024-07-27,13.9,-1.456406589693987,-0.43792302634880076,-1.193290147296348
Karachi,2020-09-25,18.4,1.479897018560019,-0.7282404034149629,0.5471679714693158
Islamabad,2023-06-21,32.6,0.8926362969092179,0.5574508378780408,-1.5597023828259617
Quetta,2020-11-09,26.0,-0.2818851463923846,-1.640666445622901,0.7532748539547236
Karachi,2020-02-08,19.9,-0.8691458680431858,0.43302910484968565,0.29525955954270666
Islamabad,2023-12-22,21.1,1.479897018560019,1.5942986131143342,-1.5826031475465625
Islamabad,2023-06-10,14.2,0.8926362969092179,1.469876880085979,-1.536801618105361
Islamabad,2020-10-12,24.9,-0.8691458680431858,1.3454551470576237,0.45556491258691284
Quetta,2022-11-11,34.7,-0.2818851463923846,-0.6038186703866076,1.600603148616955
Lahore,2022-09-29,39.3,0.8926362969092179,-0.47939693735825245,0.3410610889839086
Karachi,2023-07-13,26.1,0.30537557525841663,-0.8526621364433181,-1.5597023828259617
Peshawar,2023-12-04,37.0,1.479897018560019,1.0966116810009134,0.04335114761609746
Islamabad,2021-04-11,30.5,-1.456406589693987,-1.1429795135094802,0.5929695009105178
Lahore,2020-10-25,13.2,0.30537557525841663,0.8892421259536547,1.1425878542049381
Lahore,2023-11-26,36.0,-1.456406589693987,1.1380855920103652,-1.216190912016949
Quetta,2024-02-18,38.8,0.30537557525841663,-0.023183916254283416,-0.8726794412079364
Karachi,2020-08-18,25.5,-1.456406589693987,-1.3918229795661905,1.0509847953225346
Islamabad,2022-06-19,36.9,1.479897018560019,-0.9356099584622215,-0.3001603231929152
Quetta,2022-11-04,21.0,-0.8691458680431858,1.3454551470576237,0.4784656773075136
Peshawar,2023-09-19,38.5,-1.456406589693987,0.8892421259536547,1.5090000897345517
Karachi,2021-09-28,27.4,-1.456406589693987,1.5113507910954307,-1.0100840295315416
Karachi,2020-04-10,18.1,0.8926362969092179,1.5113507910954307,-1.536801618105361
Peshawar,2020-09-28,37.9,1.479897018560019,0.18418563879297525,0.5013664420281143
Karachi,2024-11-02,35.9,-0.8691458680431858,1.0551377699914617,-1.0100840295315416
Karachi,2023-07-04,20.8,0.8926362969092179,-0.6452925813960594,-0.23145802903111273
Karachi,2023-01-07,21.2,0.8926362969092179,-1.1015056025000285,0.1578549712191017
Quetta,2024-09-28,32.4,0.8926362969092179,0.2671334608118787,0.18075573593970246
Lahore,2024-01-20,22.7,-0.8691458680431858,-1.5162447125945457,-0.1169542054281085
Karachi,2022-07-31,37.8,-1.456406589693987,0.22565954980242697,-1.0329847942521424
Lahore,2022-08-29,30.6,0.8926362969092179,0.8892421259536547,0.11205344177789996
Lahore,2020-01-24,12.1,0.30537557525841663,-0.6452925813960594,-0.32306108791351595
Lahore,2020-04-08,39.5,0.8926362969092179,-1.184453424518932,1.0051832658813327
Quetta,2021-04-11,14.1,1.479897018560019,0.22565954980242697,1.5548016191757532
Lahore,2021-10-01,13.4,0.8926362969092179,-0.47939693735825245,-1.1245878531345457
Islamabad,2022-12-27,37.2,0.30537557525841663,-0.10613173827318688,1.5548016191757532
Islamabad,2022-12-04,25.7,0.8926362969092179,1.303981236048172,-0.0024503818251042746
Peshawar,2020-07-05,37.4,0.30537557525841663,1.3454551470576237,0.844877912837127
Islamabad,2023-11-11,37.2,0.30537557525841663,0.30860737182133047,0.9593817364401312
Peshawar,2021-08-29,21.4,0.30537557525841663,0.6403986598969443,-0.8497786764873355
Peshawar,2023-12-04,26.4,-0.2818851463923846,-1.5162447125945457,1.5548016191757532
Islamabad,2021-12-13,39.4,-0.2818851463923846,0.18418563879297525,1.692206207499358
Lahore,2023-07-17,24.7,-1.456406589693987,-0.6038186703866076,0.8677786775577278
Peshawar,2021-09-04,37.5,0.8926362969092179,-0.5208708483677043,1.7151069722199592
Islamabad,2020-06-28,38.2,-1.456406589693987,-1.474770801585094,1.5548016191757532
Peshawar,2020-02-10,23.5,1.479897018560019,0.5159769268685891,1.3486947366903455
Karachi,2021-08-02,13.3,0.30537557525841663,-1.018557780481125,-1.376496265061155
Islamabad,2021-05-25,32.1,1.479897018560019,-0.06465782726373515,-1.6513054417083652
Lahore,2020-04-23,31.5,0.8926362969092179,0.35008128283078216,0.2723587948221059
Peshawar,2023-02-17,39.4,0.8926362969092179,1.0551377699914617,0.45556491258691284
Karachi,2023-12-14,21.1,1.479897018560019,-1.5577186236039975,-1.4451985592229575
Quetta,2023-12-23,35.2,1.479897018560019,1.0551377699914617,1.302893207249144
Islamabad,2024-11-23,29.1,1.479897018560019,-1.4332968905756422,-1.2619924414581507
Quetta,2022-04-25,24.1,0.8926362969092179,0.2671334608118787,-0.7123740881637304
Lahore,2023-11-17,28.5,-0.2818851463923846,1.5528247021048824,1.3486947366903455
Islamabad,2021-12-17,29.3,0.8926362969092179,1.469876880085979,-1.4680993239435582
Islamabad,2022-11-03,17.9,0.8926362969092179,-0.9356099584622215,-1.6513054417083652
Islamabad,2021-08-14,13.4,0.8926362969092179,-1.474770801585094,0.3868626184251101
Karachi,2024-01-22,35.5,1.479897018560019,-1.3918229795661905,1.7151069722199592
Lahore,2022-07-27,10.6,-0.2818851463923846,1.1380855920103652,0.06625191233669822
Quetta,2020-01-31,34.1,-1.456406589693987,0.35008128283078216,-0.34596185263411694
Lahore,2024-11-30,14.3,1.479897018560019,-0.6867664924055111,-0.23145802903111273
Lahore,2022-01-26,12.3,0.8926362969092179,-0.43792302634880076,-0.0024503818251042746
Quetta,2023-10-14,28.3,-0.2818851463923846,-1.0600316914905767,-0.9642825000903396
Karachi,2020-01-01,18.7,-0.2818851463923846,-1.2259273355283837,1.4173970308521482
Quetta,2022-07-04,27.1,-0.8691458680431858,0.847768214944203,-0.6665725587225286
Karachi,2021-02-11,23.9,0.8926362969092179,-1.350349068556739,1.4173970308521482
Islamabad,2021-01-12,34.5,0.30537557525841663,0.18418563879297525,-0.8955802059285372
Quetta,2022-09-25,24.8,0.8926362969092179,-0.2720273823109938,1.3257939719697447
Peshawar,2020-02-09,34.5,-0.8691458680431858,1.0551377699914617,0.844877912837127
Lahore,2024-04-14,32.9,1.479897018560019,-0.18907956029209036,-1.2619924414581507
Peshawar,2021-03-10,27.7,-0.8691458680431858,1.0551377699914617,-0.7352748528843314
Quetta,2023-08-12,34.3,-0.8691458680431858,1.5528247021048824,0.3410610889839086
Islamabad,2021-06-04,23.0,-0.8691458680431858,-0.5208708483677043,-0.34596185263411694
Quetta,2021-02-06,11.3,-0.2818851463923846,0.5159769268685891,1.6464046780581565
Karachi,2024-03-07,34.2,-0.2818851463923846,-0.5623447593771559,-1.216190912016949
Islamabad,2021-07-08,15.4,-0.2818851463923846,-1.6821403566323527,-0.5520687351195245
Quetta,2021-06-24,20.0,0.8926362969092179,-1.3088751575472872,0.844877912837127
Peshawar,2021-03-09,17.1,0.8926362969092179,-1.5577186236039975,0.8219771481165262
Peshawar,2021-12-02,39.7,-0.8691458680431858,-0.2720273823109938,1.73800773694056
Karachi,2024-10-22,32.9,-0.8691458680431858,0.3915551938402339,0.20365650066030322
Lahore,2024-12-25,31.6,0.30537557525841663,-1.5577186236039975,0.13495420649850093
Islamabad,2024-10-29,30.5,-1.456406589693987,-1.5577186236039975,-0.9642825000903396
Quetta,2023-08-01,31.4,0.8926362969092179,0.018289994755168317,-0.9871832648109405
Karachi,2022-01-03,14.9,-1.456406589693987,-0.06465782726373515,0.1578549712191017
Peshawar,2021-02-08,26.9,0.8926362969092179,-1.3918229795661905,1.692206207499358
Peshawar,2024-03-30,16.9,0.30537557525841663,0.6403986598969443,1.4631985602933497
Peshawar,2023-05-20,21.6,0.8926362969092179,-1.0600316914905767,1.6693054427787573
Islamabad,2022-05-19,36.5,-1.456406589693987,-0.9356099584622215,0.5013664420281143
Lahore,2023-05-15,30.6,0.8926362969092179,0.7233464819158478,1.7151069722199592
Karachi,2020-01-06,36.8,-0.2818851463923846,1.4284029690765272,0.5242672067487151
Peshawar,2023-09-28,16.0,-1.456406589693987,0.3915551938402339,0.9135802069989297
Lahore,2023-05-15,13.8,-0.2818851463923846,1.2210334140292685,-1.3077939708993522
Quetta,2022-06-10,13.8,-0.2818851463923846,1.3454551470576237,1.0051832658813327
Karachi,2023-05-11,29.7,-0.2818851463923846,-1.350349068556739,-0.34596185263411694
Quetta,2023-08-19,12.2,0.30537557525841663,-0.23055347130154208,-1.0558855589727432
Quetta,2024-10-09,23.1,0.8926362969092179,-0.8111882254338664,-0.20855726431051175
Peshawar,2024-09-24,14.0,-0.8691458680431858,-1.5162447125945457,0.1578549712191017
Lahore,2022-02-12,35.3,1.479897018560019,0.847768214944203,1.0738855600431354
Karachi,2020-04-27,18.9,-1.456406589693987,-1.3088751575472872,1.0738855600431354
Peshawar,2024-06-13,27.5,-1.456406589693987,-0.43792302634880076,-1.51390085338476
Karachi,2020-10-01,38.7,-1.456406589693987,-0.06465782726373515,-0.41466414679591945
Islamabad,2024-05-07,20.2,-0.2818851463923846,-0.5208708483677043,-0.9642825000903396
Karachi,2020-04-11,36.0,0.8926362969092179,1.179559503019817,0.22655726538090437
Karachi,2023-12-29,38.2,0.30537557525841663,1.01366385898201,-0.8268779117667346
Karachi,2020-12-11,17.6,-1.456406589693987,1.2210334140292685,-0.8497786764873355
Peshawar,2022-05-09,26.4,1.479897018560019,-0.8111882254338664,-0.09405344070750753
Lahore,2020-06-21,12.2,1.479897018560019,-1.350349068556739,1.1425878542049381
Lahore,2024-01-23,11.4,-1.456406589693987,0.4745030158591374,1.0967863247637362
Islamabad,2021-03-21,26.0,-0.8691458680431858,0.7233464819158478,1.0509847953225346
Lahore,2024-02-20,26.1,-1.456406589693987,-0.023183916254283416,0.7303740892341228
Peshawar,2020-11-01,31.3,-0.2818851463923846,-0.6452925813960594,-0.07115267598690676
Quetta,2024-09-02,39.0,1.479897018560019,-0.3135012933204455,0.7532748539547236
Islamabad,2024-11-17,25.3,-0.2818851463923846,-0.18907956029209036,-0.4375649115165202
Quetta,2021-11-26,26.2,1.479897018560019,-0.10613173827318688,0.7990763833959255
Quetta,2021-11-19,31.9,0.8926362969092179,-1.1429795135094802,-0.13985497014870926
Karachi,2020-02-14,26.5,-0.8691458680431858,1.5942986131143342,1.3715955014109467
Peshawar,2020-06-15,36.7,-1.456406589693987,-1.350349068556739,-1.0329847942521424
Quetta,2024-03-30,39.8,0.30537557525841663,-0.5623447593771559,-0.41466414679591945
Lahore,2022-07-07,30.4,-0.2818851463923846,1.4284029690765272,-1.4222977945023565
Quetta,2023-05-13,30.5,0.8926362969092179,1.2210334140292685,-0.8955802059285372
Karachi,2024-12-17,18.3,1.479897018560019,-1.2674012465378355,-1.078786323693344
Lahore,2020-10-22,29.1,0.8926362969092179,0.059763905764620054,0.29525955954270666
Karachi,2023-07-10,11.2,0.8926362969092179,1.4284029690765272,0.8219771481165262
Lahore,2020-02-14,32.8,0.8926362969092179,-1.2259273355283837,-1.23909167673755
Islamabad,2020-08-12,24.0,-1.456406589693987,-0.7282404034149629,-1.3535955003405542
Peshawar,2020-09-06,29.0,0.30537557525841663,-0.2720273823109938,1.3486947366903455
Karachi,2024-06-22,25.2,0.8926362969092179,1.5528247021048824,-0.09405344070750753
Peshawar,2024-09-04,28.9,0.8926362969092179,0.4745030158591374,0.04335114761609746
Peshawar,2021-11-06,23.5,0.30537557525841663,0.1427117277835235,1.73800773694056
Karachi,2021-09-07,19.5,-0.2818851463923846,-0.8526621364433181,1.2799924425285432
Quetta,2023-12-23,18.2,-0.8691458680431858,-0.1476056492826386,0.3868626184251101
Karachi,2021-02-20,27.5,-0.2818851463923846,0.7233464819158478,1.486099325013951
Peshawar,2022-02-14,10.7,-0.8691458680431858,-0.396449115339349,0.7761756186753244
Quetta,2022-04-09,35.4,-1.456406589693987,-1.6821403566323527,1.2570916778079424
Islamabad,2021-11-10,38.5,-0.8691458680431858,0.10123781677407179,0.6387710303517193
Quetta,2020-05-23,27.7,-0.8691458680431858,-0.6038186703866076,-0.8497786764873355
Lahore,2024-10-08,30.6,0.8926362969092179,-1.3088751575472872,1.0051832658813327
Islamabad,2021-04-24,29.1,0.30537557525841663,-0.8526621364433181,-1.6284046769877643
Quetta,2020-02-22,16.4,-0.8691458680431858,1.3869290580670754,0.36396185370450934
Quetta,2020-06-28,26.4,-0.2818851463923846,-0.9356099584622215,-0.13985497014870926
Islamabad,2024-04-08,32.8,-0.8691458680431858,-0.1476056492826386,0.18075573593970246
Lahore,2022-02-12,13.0,-0.8691458680431858,1.5528247021048824,1.486099325013951
Karachi,2024-05-20,12.7,-1.456406589693987,0.847768214944203,-0.6436717940019279
Lahore,2021-09-28,14.2,-0.8691458680431858,0.35008128283078216,1.6235039133375557
Quetta,2023-11-05,39.1,0.30537557525841663,-0.10613173827318688,1.2341909130873412
Lahore,2020-02-13,20.0,-1.456406589693987,0.6818725709063961,0.20365650066030322
Islamabad,2024-02-27,10.6,0.8926362969092179,-1.474770801585094,-1.0100840295315416
Peshawar,2023-10-30,15.1,1.479897018560019,-0.396449115339349,-1.0100840295315416
Karachi,2022-01-08,27.9,-1.456406589693987,1.3869290580670754,-1.3077939708993522
Islamabad,2024-03-27,27.1,-0.8691458680431858,1.179559503019817,1.0051832658813327
Lahore,2021-04-03,30.2,1.479897018560019,-0.5623447593771559,-1.216190912016949
Quetta,2024-07-04,13.1,1.479897018560019,-1.5162447125945457,-1.1016870884139447
Karachi,2022-06-14,16.4,0.8926362969092179,-0.396449115339349,1.692206207499358
Islamabad,2023-10-21,33.9,-1.456406589693987,-1.4332968905756422,0.9364809717195305
Islamabad,2020-05-01,14.3,-0.8691458680431858,-0.6452925813960594,0.9364809717195305
Karachi,2024-11-22,35.2,-0.2818851463923846,0.1427117277835235,0.13495420649850093
Karachi,2021-07-01,15.4,0.30537557525841663,0.3915551938402339,-1.23909167673755
Quetta,2023-02-05,17.8,0.8926362969092179,-1.018557780481125,-0.8726794412079364
Quetta,2023-12-15,27.7,-0.2818851463923846,-0.9356099584622215,1.3257939719697447
Lahore,2022-09-30,26.5,0.8926362969092179,-0.10613173827318688,-0.07115267598690676
Peshawar,2020-11-18,23.2,1.479897018560019,-0.5208708483677043,-0.5520687351195245
Karachi,2024-03-24,29.8,0.8926362969092179,1.0966116810009134,0.8219771481165262
Islamabad,2021-09-26,10.8,-0.8691458680431858,-1.3918229795661905,-0.3001603231929152
Karachi,2023-01-07,26.2,-0.8691458680431858,-0.06465782726373515,1.6464046780581565
Karachi,2022-04-09,33.1,0.30537557525841663,0.3915551938402339,0.11205344177789996
Lahore,2023-07-16,27.8,0.8926362969092179,0.5159769268685891,-1.4451985592229575
Peshawar,2022-06-06,17.8,0.8926362969092179,-1.5991925346134492,-1.23909167673755
Quetta,2021-01-12,20.9,-0.2818851463923846,0.8062943039347512,-1.6284046769877643
Karachi,2024-08-12,38.5,-1.456406589693987,-1.6821403566323527,-0.07115267598690676
Quetta,2022-07-15,15.1,-0.2818851463923846,-1.350349068556739,0.13495420649850093
Quetta,2023-11-19,27.2,-0.8691458680431858,1.4284029690765272,0.13495420649850093
Peshawar,2020-03-29,31.7,-0.8691458680431858,1.01366385898201,0.9593817364401312
Islamabad,2023-04-04,23.4,-0.8691458680431858,-1.5991925346134492,1.0051832658813327
Islamabad,2022-08-13,28.9,0.30537557525841663,-1.0600316914905767,-1.078786323693344
Karachi,2021-09-29,39.2,-0.2818851463923846,0.8892421259536547,-1.078786323693344
Karachi,2024-01-14,17.1,0.30537557525841663,0.7233464819158478,-0.7123740881637304
Quetta,2020-12-10,14.7,0.8926362969092179,0.018289994755168317,0.570068736189917
Quetta,2022-06-05,10.8,1.479897018560019,-0.6038186703866076,1.165488618925539
Islamabad,2022-06-10,14.6,-1.456406589693987,1.5528247021048824,-1.3993970297817557
Islamabad,2023-10-02,22.4,0.8926362969092179,0.5159769268685891,1.302893207249144
Peshawar,2024-08-30,23.0,0.30537557525841663,0.7233464819158478,-0.09405344070750753
Islamabad,2024-09-13,36.2,0.30537557525841663,-1.0600316914905767,1.6693054427787573
Peshawar,2021-07-08,10.2,-0.2818851463923846,-1.3918229795661905,-1.3306947356199532
Quetta,2024-06-12,39.2,0.30537557525841663,1.2625073250387202,0.7303740892341228
Karachi,2020-09-08,18.2,0.8926362969092179,-0.43792302634880076,-0.918480970649138
Lahore,2023-11-19,15.3,-0.8691458680431858,-0.023183916254283416,-1.5597023828259617
Peshawar,2023-11-29,21.7,-1.456406589693987,-0.8941360474527698,-0.32306108791351595
Islamabad,2021-03-08,23.1,0.30537557525841663,-0.8941360474527698,-1.376496265061155
Peshawar,2020-07-12,24.2,-0.8691458680431858,0.43302910484968565,1.0280840306019339
Islamabad,2020-12-04,28.2,-0.8691458680431858,1.0551377699914617,0.29525955954270666
Quetta,2022-05-23,15.6,-0.8691458680431858,-1.4332968905756422,0.24945803010150513
Lahore,2023-01-12,13.0,1.479897018560019,-0.10613173827318688,-0.9871832648109405
Islamabad,2023-11-19,10.5,-0.8691458680431858,-1.018557780481125,0.9364809717195305
Islamabad,2020-07-02,14.0,0.30537557525841663,0.3915551938402339,0.7074733245135221
Islamabad,2021-04-08,17.5,0.8926362969092179,0.2671334608118787,-1.1016870884139447
Islamabad,2024-09-11,10.8,1.479897018560019,-0.35497520432989726,0.45556491258691284
Lahore,2023-06-24,29.3,0.8926362969092179,-0.396449115339349,1.6235039133375557
Lahore,2021-03-23,38.6,-0.2818851463923846,-1.474770801585094,-0.8497786764873355
Quetta,2022-01-18,16.2,-0.2818851463923846,-0.1476056492826386,0.570068736189917
Peshawar,2021-07-28,39.6,1.479897018560019,1.179559503019817,0.3868626184251101
Peshawar,2024-03-02,25.1,-1.456406589693987,-1.5162447125945457,-0.07115267598690676
Lahore,2023-11-15,20.6,0.8926362969092179,-0.43792302634880076,-0.3917633820753187
Lahore,2021-05-16,18.3,-0.8691458680431858,0.2671334608118787,0.844877912837127
Karachi,2024-01-02,11.6,0.8926362969092179,-0.8941360474527698,1.302893207249144
Islamabad,2022-11-14,39.6,-1.456406589693987,0.5574508378780408,-0.20855726431051175
Karachi,2023-01-25,21.5,-0.2818851463923846,-1.1429795135094802,1.6464046780581565
Islamabad,2023-05-06,21.9,1.479897018560019,1.2210334140292685,-0.9413817353697388
Lahore,2023-12-05,20.0,-1.456406589693987,-0.10613173827318688,1.2570916778079424
Islamabad,2021-10-27,14.2,-0.8691458680431858,1.0551377699914617,1.119687089484337
Quetta,2022-11-23,29.5,-0.8691458680431858,0.8892421259536547,-1.1474886178551464
Peshawar,2020-01-11,23.7,0.30537557525841663,0.7648203929252995,-0.20855726431051175
Karachi,2022-07-07,16.2,-0.8691458680431858,-0.06465782726373515,-0.8955802059285372
Quetta,2020-05-22,15.9,0.30537557525841663,-1.2674012465378355,-1.6055039122671635
Islamabad,2023-03-19,28.6,0.30537557525841663,1.5942986131143342,0.7303740892341228
Peshawar,2023-03-16,29.3,-1.456406589693987,-0.23055347130154208,-0.1169542054281085
Islamabad,2024-01-29,26.5,-0.2818851463923846,-1.7236142676418045,-0.6436717940019279
Karachi,2021-10-16,11.4,-0.8691458680431858,-0.5623447593771559,0.4784656773075136
Quetta,2020-10-08,26.2,-0.2818851463923846,-1.4332968905756422,0.6158702656311186
Karachi,2024-11-10,25.7,-1.456406589693987,0.30860737182133047,-1.0100840295315416
Peshawar,2020-05-30,12.5,-0.2818851463923846,-0.5623447593771559,1.165488618925539
Peshawar,2020-07-09,17.6,0.8926362969092179,-0.8941360474527698,0.45556491258691284
Peshawar,2024-05-12,28.8,0.30537557525841663,0.8892421259536547,0.43266414786631163
Quetta,2022-02-18,11.6,-0.8691458680431858,-0.43792302634880076,-0.5978702645607261
Karachi,2023-10-28,29.1,0.8926362969092179,-1.3088751575472872,0.6158702656311186
Peshawar,2021-04-30,26.2,1.479897018560019,1.179559503019817,1.5319008544551524
Islamabad,2023-03-10,24.2,1.479897018560019,-0.10613173827318688,0.29525955954270666
Peshawar,2021-07-01,36.0,0.30537557525841663,-1.018557780481125,0.11205344177789996
Quetta,2021-10-11,31.1,0.8926362969092179,1.3869290580670754,-0.8268779117667346
Quetta,2020-03-05,19.3,1.479897018560019,-1.3088751575472872,-0.9413817353697388
Karachi,2021-02-14,10.1,1.479897018560019,0.6818725709063961,0.844877912837127
Quetta,2024-03-04,20.2,-0.2818851463923846,-1.7236142676418045,-1.23909167673755
Quetta,2021-04-17,33.6,1.479897018560019,-0.8526621364433181,0.04335114761609746
Quetta,2021-07-04,21.9,0.30537557525841663,0.7648203929252995,0.08915267705729919
Quetta,2022-03-02,12.3,0.30537557525841663,0.5159769268685891,0.844877912837127
Karachi,2024-10-15,16.6,-0.8691458680431858,0.7648203929252995,1.1425878542049381
Peshawar,2020-07-01,15.1,-0.8691458680431858,-0.10613173827318688,-1.1703893825757472
Islamabad,2023-06-24,33.8,-1.456406589693987,0.5574508378780408,1.6693054427787573
Karachi,2021-04-12,22.2,-1.456406589693987,0.059763905764620054,1.4173970308521482
Islamabad,2020-01-07,22.4,-0.2818851463923846,-1.6821403566323527,-1.4222977945023565
Islamabad,2020-02-12,27.6,-1.456406589693987,0.30860737182133047,-1.6513054417083652
Peshawar,2023-11-24,11.3,1.479897018560019,-0.7282404034149629,1.7609085016611608
Karachi,2020-09-21,14.5,-0.2818851463923846,-0.5623447593771559,-1.5597023828259617
Peshawar,2024-09-02,19.2,0.8926362969092179,-1.0600316914905767,0.04335114761609746
Quetta,2022-08-05,25.0,-0.2818851463923846,-1.018557780481125,-0.9871832648109405
Karachi,2022-10-15,28.0,-0.8691458680431858,-1.2674012465378355,0.8677786775577278
Islamabad,2020-04-24,33.4,-0.8691458680431858,1.179559503019817,-0.9871832648109405
Peshawar,2023-10-22,11.0,0.30537557525841663,1.303981236048172,-1.6513054417083652
Karachi,2024-04-12,14.5,-1.456406589693987,0.5159769268685891,1.0051832658813327
Karachi,2021-10-12,27.0,0.8926362969092179,1.3454551470576237,0.18075573593970246
Peshawar,2022-02-23,26.7,-1.456406589693987,1.3869290580670754,-0.3001603231929152
Quetta,2021-05-15,20.5,-0.2818851463923846,-0.7282404034149629,-0.2543587937517135
Quetta,2020-01-08,39.7,1.479897018560019,-0.396449115339349,-0.46046567623712115
Islamabad,2024-02-25,28.2,-0.2818851463923846,-0.023183916254283416,0.43266414786631163
Quetta,2022-01-09,36.5,-0.8691458680431858,1.303981236048172,0.844877912837127
Karachi,2024-06-04,32.0,-0.2818851463923846,-1.6821403566323527,-0.8268779117667346
Quetta,2021-10-28,33.3,-0.2818851463923846,-1.3088751575472872,1.3257939719697447
Lahore,2022-03-13,25.1,-0.2818851463923846,0.3915551938402339,0.844877912837127
Karachi,2023-12-31,12.7,0.30537557525841663,-0.023183916254283416,1.0509847953225346
